area;pop;density;nb_pt;work_or_edu_fac;other_fac;cars_per_persons;big_road;insee
9.488102;493;51.95981240505214;0;1;11;1.0;0.0;77472.0
12.122472;6585;543.2060391642892;1;11;187;0.8235294117647058;0.0;91315.0
9.5047755;334;35.140230297917086;1;2;15;0.5;0.0;78472.0
1.603038;401;250.150027635028;0;0;10;0.4;0.0;77038.0
5.117345;5282;1032.1758646329297;6;3;189;0.4;0.0;78672.0
12.431151;996;80.12130172017056;0;3;24;0.25;0.0;95541.0
4.439604;25097;5652.981662328441;0;55;890;0.5636363636363636;0.0;95203.0
5.961919;14883;2496.343878539779;0;26;490;0.5;6435.528983221072;95539.0
3.0473395;8667;2844.1202563744537;0;25;260;0.7;3626.85610162164;92076.0
5.3833735;1796;333.6198017841415;0;0;47;0.2777777777777778;0.0;77260.0
6.1011525;114;18.684994351477034;0;3;3;0.0;0.0;77200.0
8.2617575;636;76.98119921820509;0;3;28;0.0;0.0;91319.0
19.133818;1914;100.03230928610274;0;4;68;0.25;0.0;77148.0
9.011929;600;66.57842066887122;0;0;17;1.0;0.0;91654.0
18.820706;352;18.70280530390305;0;0;13;0.0;0.0;77289.0
16.32992;4834;296.021046030844;0;16;156;0.5;0.0;77317.0
4.537431;134;29.53212952439387;0;2;5;1.0;0.0;91148.0
3.803982;33879;8906.193562430106;0;46;1090;0.4375;0.0;94058.0
10.606513;459;43.27529698026109;0;0;8;0.4;0.0;77387.0
33.743462;3347;99.18958522987357;0;11;122;0.6428571428571429;0.0;91390.0
4.9150965;643;130.82143961975112;0;0;17;0.6666666666666666;0.0;91093.0
7.256354;3251;448.0211411957024;0;10;217;0.6;2685.3046767348005;77450.0
29.2885245;1054;35.98679066267063;5;2;38;0.6;0.0;91130.0
3.4421025;27802;8077.040123006215;0;68;767;0.44274809160305345;2637.747894516875;94034.0
6.967287;53640;7698.836003167374;46;194;2284;0.19736842105263158;3291.5444933319523;93008.0
19.2987755;2480;128.50556243840444;9;3;73;0.7619047619047619;0.0;77219.0
3.8607005;51367;13305.098388232913;40;435;3376;0.352112676056338;0.0;75107.0
27.4223575;1066;38.87339007960931;0;4;27;2.0;0.0;77191.0
5.1801145;234;45.17274666419053;0;0;4;0.0;0.0;95054.0
9.169024;517;56.385499699859004;4;0;26;0.2857142857142857;0.0;91544.0
16.1114555;479;29.73039896985098;0;1;10;0.5882352941176471;0.0;77500.0
8.0370255;542;67.43788482442913;0;1;17;0.3333333333333333;0.0;95348.0
6.618832;1582;239.01498028655206;4;2;45;0.7647058823529411;0.0;78049.0
4.408874;289;65.54961652340258;0;1;8;0.75;367.3234999512329;77094.0
1.871287;2046;1093.36515457009;0;5;89;0.0;0.0;91468.0
2.7452415;1084;394.86507835467296;0;1;29;0.5;0.0;78007.0
5.8493165;233;39.83371390486393;0;0;7;0.0;0.0;91374.0
8.745261;1604;183.4136225322492;0;3;36;0.8125;0.0;78334.0
5.7684255;1366;236.80638676879852;0;3;31;0.75;0.0;77199.0
8.206764;5175;630.5774115107977;0;8;188;0.7;0.0;95652.0
8.701456;16345;1878.4212665098805;0;49;601;0.46153846153846156;573.8900083660661;94004.0
5.5608965;15142;2722.942245013911;4;36;531;0.6470588235294118;3396.255410144514;78073.0
15.322439;689;44.966731471406085;0;0;18;0.6666666666666666;0.0;77201.0
9.500915;671;70.6247766662474;0;1;10;0.6666666666666666;0.0;78344.0
4.189766;5865;1399.8395137103123;1;15;197;0.5;3351.434934172284;91207.0
22.6467825;834;36.82642335616549;0;0;30;0.6097560975609756;0.0;78125.0
12.6196205;608;48.17894484227953;0;2;26;0.5;0.0;78071.0
5.2252;18321;3506.2772716833806;8;54;780;0.4230769230769231;0.0;94019.0
13.381767;806;60.23120862887539;0;2;33;0.875;0.0;77161.0
3.868698;205;52.989403670175335;0;0;4;0.0;0.0;77029.0
7.8808295;195;24.74358822253419;0;1;7;0.3333333333333333;0.0;77136.0
10.8708205;51292;4718.319100200394;4;151;1949;0.4642857142857143;5092.021078240863;91174.0
2.0409595;16594;8130.489605501726;6;63;688;0.4406779661016949;813.6990365244833;93013.0
9.958835;9892;993.2888736483735;0;27;327;0.543859649122807;1604.898621298662;95394.0
4.9832905;509;102.14134616474797;0;0;10;1.0;0.0;78036.0
12.163732;242;19.895209792520916;0;1;5;0.0;0.0;77137.0
15.9089705;27379;1720.9787396362321;0;97;828;0.4492753623188406;1321.4249505358387;77058.0
10.409387;211;20.2701657648044;0;7;94;0.0;0.0;77518.0
12.8607;584;45.40965888326452;0;0;12;0.6666666666666666;0.0;77451.0
7.0029345;425;60.68884408386227;0;1;10;0.8333333333333334;0.0;91098.0
8.3743335;268;32.00254682954769;0;1;8;0.0;0.0;77367.0
3.126204;1133;362.4203666811251;10;4;42;0.3333333333333333;0.0;77528.0
32.0690125;2150;67.04291253121686;0;3;84;0.5;0.0;77168.0
12.615614;1237;98.05309515652587;0;3;51;1.0;0.0;77180.0
15.0257175;961;63.95701236896008;0;1;20;0.0;0.0;77044.0
7.2794945;39358;5406.694104927204;0;62;1375;0.3541666666666667;0.0;93032.0
6.364729;452;71.01637791648318;0;1;24;0.0;0.0;78561.0
11.4329405;4911;429.5482863747957;0;6;168;1.1428571428571428;0.0;78571.0
9.903066;2122;214.27707338313203;0;4;90;1.0;707.3113500042368;77517.0
3.4924695;27567;7893.2686455815865;0;64;1170;0.1896551724137931;1322.0539529548505;93063.0
7.3952765;297;40.16077018891721;0;0;7;0.6;1666.1904719287274;95610.0
30.061937;1832;60.94085021866688;0;3;43;0.6666666666666666;0.0;77339.0
10.839914;373;34.409867089351444;0;0;9;1.0;0.0;95102.0
10.9604925;882;80.47083650666245;0;0;10;0.0;0.0;77418.0
4.313525;2368;548.9709692189102;0;12;55;0.65;0.0;77259.0
3.2142805;9679;3011.2493293600232;3;20;263;0.4666666666666667;0.0;95250.0
4.833317;614;127.03491204901313;0;0;16;1.5;0.0;78082.0
8.92733;9920;1111.1945004833472;5;23;345;0.6521739130434783;0.0;77153.0
16.383598;14206;867.0867046420451;0;32;494;0.4666666666666667;0.0;77407.0
4.3446305;523;120.37847637445807;0;0;16;0.0;0.0;78677.0
8.99005;1316;146.3840579307123;0;4;31;0.5;0.0;77254.0
25.6505485;85862;3347.374813446972;7;313;3384;0.5035460992907801;1066.726923426045;78646.0
8.0627595;875;108.52363883605854;0;2;32;0.7777777777777778;399.91511646622473;77156.0
2.1225265;1564;736.8577023655535;0;11;40;0.75;0.0;78343.0
9.9961465;5018;501.99344317332685;0;9;155;0.6071428571428571;0.0;95134.0
3.5809775;5771;1611.571142237001;0;9;119;0.5555555555555556;0.0;95388.0
28.275093;1109;39.22179849240461;0;0;28;1.0;0.0;77177.0
10.1506;1577;155.3602742695013;0;4;53;0.6666666666666666;0.0;78128.0
26.856572;870;32.39430557258015;0;3;26;0.0;4131.00659309414;78506.0
11.634301;197;16.932688951403268;0;0;6;0.0;0.0;77158.0
11.896857;2778;233.50705148427016;0;3;80;0.8181818181818182;0.0;95566.0
2.629886;8699;3307.7479404050214;0;18;289;0.631578947368421;0.0;78092.0
19.661675;658;33.466121274001324;0;0;17;0.0;0.0;77020.0
10.2289055;7214;705.2562955049297;0;10;215;0.7777777777777778;2692.407457079124;77249.0
10.849096;8191;754.9937801269341;0;39;258;0.5;2063.7379955766082;78322.0
7.2357555;27228;3762.9795534136;0;50;839;0.5555555555555556;44.68780214806202;94044.0
8.0107785;4394;548.5109842944727;0;39;479;0.2;0.0;78168.0
12.439055;95105;7645.677264068693;3;467;3230;0.3765182186234818;8931.19647176516;92050.0
7.649382;1201;157.00614768617908;0;2;52;0.0;0.0;78010.0
6.6299795;528;79.63825529173958;0;6;20;0.5;0.0;95271.0
3.810226;957;251.1662037894865;0;5;37;0.3333333333333333;0.0;95101.0
11.733827;1269;108.14885885056938;1;4;44;0.5;0.0;91599.0
10.2267815;21835;2135.080328058246;0;72;738;0.5;0.0;77152.0
6.530456;25669;3930.65966603251;4;57;799;0.47540983606557374;0.0;91114.0
1.5026805;25334;16859.205932332254;4;74;853;0.2923076923076923;0.0;94043.0
8.964247;590;65.81701731333374;0;1;18;1.0;0.0;78236.0
7.4667715;1963;262.89809457809173;0;4;61;0.5555555555555556;0.0;77241.0
3.250249;74;22.767486429501247;0;0;4;0.0;0.0;95144.0
3.5455865;9701;2736.0776559815986;0;26;347;0.7142857142857143;0.0;78190.0
6.0746735;62052;10214.869984370353;19;245;2437;0.3401360544217687;189.12409960838562;94041.0
13.564673;327;24.1067366681084;0;0;10;0.0;0.0;77110.0
20.7067745;557;26.899409176450924;0;0;20;0.6428571428571429;0.0;77164.0
4.687463;622;132.69438073431192;0;1;17;1.0;0.0;78281.0
11.8459575;640;54.026869503794856;0;1;22;0.0;1435.566323838749;78668.0
8.962061;226;25.21741371767052;0;1;5;0.0;0.0;77489.0
9.3298545;15577;1669.5865943032659;0;26;386;0.5094339622641509;0.0;78642.0
10.8071055;3566;329.9680936768869;1;11;154;0.6666666666666666;0.0;77257.0
5.2504055;26783;5101.129807973879;11;50;1165;0.36923076923076925;0.0;93047.0
3.1082085;208;66.91957762807739;0;0;13;0.0;0.0;95447.0
4.346218;3800;874.3233772443075;0;7;151;0.5428571428571428;0.0;91232.0
16.5980275;725;43.6798890711562;0;2;20;0.5;0.0;77045.0
10.2016715;607;59.500053496135415;3;0;16;1.0;0.0;78407.0
4.2364005;743;175.3847399460934;0;0;18;0.5;0.0;77248.0
6.565409;33286;5069.905012772243;40;86;987;0.4772727272727273;7141.454550106205;92019.0
2.9248525;289;98.80840144930386;0;0;8;0.6666666666666666;0.0;78406.0
5.3096255;14796;2786.63721198416;0;32;499;0.2916666666666667;1434.3270980631949;94074.0
3.889371;291;74.81929597356488;0;0;11;0.0;0.0;78072.0
5.050616;243;48.112943054866975;0;0;7;0.0;0.0;77263.0
2.64261;2590;980.0916518139264;0;9;91;1.0;0.0;95014.0
6.8295755;1914;280.2516788927804;0;5;53;0.0;0.0;91411.0
2.249939;1140;506.6804033353793;0;1;27;0.4;0.0;78033.0
8.231305;40032;4863.384360074131;4;163;1843;0.42857142857142855;0.0;77288.0
16.7511365;166361;9931.32615210914;88;907;8983;0.3746031746031746;60.967316727905555;75116.0
16.1851645;140296;8668.184991261596;129;866;7505;0.2801047120418848;0.0;75112.0
24.6265985;1028;41.743483169224525;0;3;24;0.0;0.0;77211.0
14.452236;1323;91.54292802857634;0;1;44;0.0;0.0;77135.0
37.8372655;477;12.606619260051971;1;1;20;0.7142857142857143;0.0;77262.0
13.8075555;1843;133.47764562670054;2;6;71;1.0;0.0;95446.0
38.6163255;2015;52.180003506548026;0;2;53;0.3333333333333333;0.0;77433.0
2.31483;9231;3987.765840256088;1;25;311;0.4642857142857143;0.0;91191.0
16.4377955;9327;567.4118527633465;0;32;210;0.75;0.0;78356.0
12.9799565;37388;2880.4410862239793;38;142;1300;0.5416666666666666;713.6801896896507;78498.0
25.8810265;1280;49.457080073698;0;5;90;0.5714285714285714;0.0;78269.0
3.6322905;665;183.08007027521614;0;1;20;1.0;0.0;95456.0
10.4139925;429;41.19457547141502;0;3;17;0.5;0.0;77343.0
8.436162;342;40.53976203870907;0;1;14;0.0;0.0;91180.0
6.4190975;23801;3707.842107087484;15;119;764;0.36538461538461536;0.0;94054.0
11.9905925;371;30.940923061141476;0;1;13;0.0;0.0;77341.0
7.335092;1428;194.68058478339466;0;4;32;0.6;0.0;77323.0
5.843906;304;52.020001690650055;0;0;19;1.5;0.0;78196.0
3.693455;60361;16342.692682055149;8;326;2883;0.5277777777777778;282.862098925397;92051.0
7.6669715;4103;535.1526349093641;6;20;116;0.5;0.0;91494.0
10.7862665;397;36.80606259821227;0;1;10;0.5555555555555556;0.0;91519.0
37.409368;1527;40.818652696832515;0;2;46;0.5;147.09892210572042;77264.0
8.4225675;1315;156.12816400699668;0;4;39;0.0;0.0;91047.0
2.99028;29100;9731.530157710984;12;72;590;0.5686274509803921;719.5172453760989;92060.0
9.1168655;1673;183.50605260108313;0;1;58;0.5;0.0;91017.0
13.767277;32584;2366.7715845333832;13;136;1098;0.3435114503816794;633.2493645513347;78621.0
8.6616355;353;40.75442795993898;0;4;44;0.0;0.0;77282.0
29.225984;2786;95.3261317052661;6;4;82;0.46153846153846156;0.0;77210.0
21.246502;4551;214.1999657167095;0;9;175;0.7857142857142857;0.0;95352.0
7.529116;240;31.876252139029337;0;0;13;0.5;0.0;77416.0
2.2755065;58850;25862.3739374069;29;431;3373;0.18571428571428572;0.0;75105.0
0.772477;20900;27055.821726731025;22;341;2100;0.3076923076923077;0.0;75102.0
4.996576;677;135.49278545948266;0;2;17;1.0;0.0;78261.0
3.585756;243;67.7681359244745;0;1;8;0.0;0.0;77348.0
11.372846;1205;105.95412968750303;0;0;41;0.7142857142857143;0.0;78171.0
7.4161055;30767;4148.673451314845;0;118;1246;0.39285714285714285;1119.5776525302927;95500.0
18.9167295;612;32.35231544649407;0;2;24;0.5;0.0;91629.0
13.826483;1264;91.41876498889847;0;1;44;1.0;0.0;78192.0
4.7688465;306;64.16646037988431;0;3;26;0.0;209.45600212011684;95154.0
11.073218;1452;131.12719355836757;0;8;46;0.6363636363636364;0.0;78520.0
9.007161;31574;3505.4330659793914;0;51;911;0.4444444444444444;46.47482366966633;91657.0
10.886778;2822;259.21351569766557;0;7;113;0.6875;0.0;77176.0
10.3567055;614;59.285262094205535;0;0;21;0.5;0.0;91393.0
6.904962;794;114.98977112401198;0;0;18;1.0;0.0;78681.0
6.72473;9538;1418.3469076081865;4;59;288;0.38461538461538464;0.0;91086.0
9.291634;330;35.51581993005751;0;1;16;0.4;0.0;91495.0
6.98617;617;88.31734698697569;0;0;23;0.5;0.0;91671.0
6.226027;347;55.73377693350832;0;0;14;0.0;0.0;77046.0
11.965421;1707;142.66108981873685;0;1;67;1.0;0.0;77309.0
13.3121995;2874;215.89219722856467;1;9;112;0.0;0.0;78233.0
4.334268;20909;4824.113322018851;4;43;726;0.5238095238095238;0.0;91434.0
2.4170025;59555;24640.024162159534;90;945;6568;0.25925925925925924;0.0;75109.0
4.2010855;955;227.3222004170113;0;1;25;0.0;0.0;78034.0
3.8863185;1076;276.8687126389667;3;4;45;0.8;0.0;78460.0
2.6021565;2826;1086.022304961289;1;16;137;0.5384615384615384;5166.050338442509;77393.0
15.783154;975;61.77472512781666;0;1;30;0.0;0.0;78567.0
13.2599905;67967;5125.720112695405;17;312;2633;0.323943661971831;3462.7525196316674;91228.0
10.0673075;1738;172.63801666930308;0;3;59;0.5833333333333334;0.0;77400.0
7.6246645;166;21.77144974706756;0;0;7;0.0;0.0;77230.0
5.5931175;218;38.97647421138569;0;0;13;0.0;0.0;77193.0
4.484553;15230;3396.1021310262136;3;58;474;0.42857142857142855;4694.959826741292;77337.0
8.660787;3820;441.0684617922136;0;3;132;0.6666666666666666;0.0;78327.0
10.0921135;5435;538.5393257814629;0;13;195;0.4444444444444444;1709.7531320713206;77382.0
12.211065;880;72.0657862356805;0;1;14;0.0;0.0;78209.0
5.44869;15798;2899.412519339511;3;44;586;0.48717948717948717;124.30399843533993;95563.0
5.892095;621;105.39544932659776;0;2;21;0.5;0.0;78050.0
4.493619;894;198.94877603107875;0;1;21;0.8571428571428571;0.0;91581.0
5.3537295;20181;3769.5217885027623;4;75;711;0.4827586206896552;1705.0368075942652;91161.0
5.1152035;2385;466.2571098100007;0;5;107;1.0;0.0;91666.0
9.418319;36207;3844.316591952343;5;93;1387;0.6785714285714286;35.72086550800868;91549.0
2.8143865;60;21.319033473192114;0;0;4;0.0;0.0;95387.0
12.156125;562;46.23183785951527;0;0;16;0.0;0.0;91547.0
4.8981585;459;93.70868664213296;0;0;11;0.5;0.0;95166.0
22.4506955;4454;198.39029040325278;0;9;168;0.625;0.0;77100.0
12.1810135;13291;1091.1243140810902;5;61;667;0.3548387096774194;9521.890503612221;77251.0
6.8522;325;47.43002247453373;0;1;11;0.0;0.0;95119.0
14.446928;2370;164.04871679294035;0;9;96;0.6666666666666666;0.0;78465.0
9.6244315;1522;158.13921061207614;2;1;42;0.5;0.0;77529.0
23.9586425;1484;61.94007026900627;0;3;42;0.5454545454545454;0.0;77459.0
8.835827;138;15.618232452944133;0;0;6;1.0;0.0;95157.0
10.7631575;10947;1017.0807218978259;0;21;293;0.36363636363636365;0.0;78674.0
2.9442285;636;216.01584252037503;0;0;18;0.5714285714285714;767.8978075329618;78499.0
8.379937;221;26.37251330171098;0;0;12;0.0;0.0;91613.0
4.027065;646;160.4145947482844;0;0;14;0.0;0.0;78084.0
12.4409725;913;73.3865459472722;0;2;22;0.0;582.0243736508286;77462.0
3.343454;185;55.33200097862869;0;0;15;0.75;1987.587575522394;95682.0
5.6255915;511;90.83489265084393;0;0;24;0.0;0.0;78278.0
14.197529;23741;1672.1923934791753;6;139;1008;0.448;5178.851568720142;95572.0
13.8033285;1622;117.50788949201637;0;0;48;1.3333333333333333;0.0;91593.0
3.1134215;3400;1092.0461620760311;0;23;200;0.0;1300.790126724924;77121.0
4.492697;872;194.09276877563744;0;1;19;0.5333333333333333;0.0;95529.0
5.732518;674;117.57485977366316;0;0;17;0.875;0.0;78276.0
7.086451;27676;3905.481036981699;0;62;897;0.28;0.0;95680.0
15.7939535;20331;1287.2647750925694;8;49;787;0.5735294117647058;9238.943089407372;77350.0
11.9903915;2200;183.48024749650585;0;6;81;0.75;0.0;91511.0
8.1616875;18281;2239.8554220557944;0;47;625;0.5555555555555556;0.0;78383.0
4.4413;4382;986.6480534978497;0;14;170;0.6470588235294118;0.0;77055.0
6.415014;978;152.45485044927415;0;2;29;0.4;0.0;77293.0
2.4801095;376;151.60620932261256;0;0;11;0.0;0.0;77007.0
7.930826;333;41.98806026005362;0;0;13;0.0;0.0;95690.0
3.363195;30306;9011.074290964396;32;60;1196;0.24175824175824176;0.0;93059.0
10.756527;966;89.80593829216437;0;1;41;1.0;0.0;77480.0
3.081827;2059;668.1101826935775;0;2;42;0.8181818181818182;0.0;91635.0
9.2053675;11931;1296.091655221804;0;35;365;0.5072463768115942;0.0;94060.0
16.3939375;673;41.05176074997236;0;1;22;1.0;0.0;77465.0
8.950762;210;23.461689630447108;0;0;12;1.0;0.0;95012.0
12.637249;1679;132.86119471096913;0;2;60;0.5;1011.4644149287685;77277.0
8.439268;34347;4069.9027451196002;4;96;1218;0.4725274725274725;0.0;91027.0
13.2372815;149;11.256087588678989;0;0;4;0.0;0.0;77319.0
3.47664;361;103.83588752358598;0;0;4;0.0;0.0;77098.0
4.2618835;3467;813.4900918807377;0;7;104;0.7619047619047619;0.0;77463.0
7.267996;2055;282.7464406969954;0;2;69;0.7777777777777778;0.0;91156.0
4.0739905;214;52.528350274749045;0;0;7;0.0;0.0;95309.0
4.6541185;4651;999.3299483027774;0;5;155;0.6388888888888888;0.0;94053.0
7.040287;34993;4970.393962632489;0;74;1024;0.42857142857142855;0.0;93050.0
5.160133;6338;1228.2629149287432;1;20;225;0.8148148148148148;46.57474019254333;91347.0
3.034931;37355;12308.35231509382;24;90;1097;0.47115384615384615;0.0;92020.0
5.8321515;7550;1294.5479897084292;4;19;190;0.6538461538461539;0.0;78455.0
4.6355915;1076;232.11708797032696;0;10;60;2.0;0.0;95088.0
5.369421;55655;10365.177176459063;16;135;1888;0.39814814814814814;1566.7076496580598;94046.0
5.075946;478;94.16963852649339;0;5;26;0.5;0.0;95523.0
9.2784495;335;36.10517037356295;0;2;19;1.0;0.0;78163.0
10.960007;7445;679.2878873161304;10;57;328;0.5555555555555556;3585.7822095172137;91340.0
3.2242615;68;21.090100787420624;0;0;4;0.0;0.0;95214.0
4.215852;151;35.81719661885664;0;1;7;0.0;0.0;77205.0
3.92478;18155;4625.736983983816;4;35;594;0.4782608695652174;0.0;95598.0
1.952212;107;54.809621086234486;0;2;3;0.0;0.0;78518.0
5.6266885;2940;522.5098208297829;0;9;158;0.8333333333333334;0.0;78420.0
11.1826705;77630;6941.991181802236;8;180;2848;0.3269230769230769;1072.1481735610594;94017.0
2.666108;2668;1000.7096486713967;0;5;60;0.7619047619047619;0.0;94056.0
3.800398;43881;11546.422243144008;0;109;1644;0.330188679245283;0.0;94002.0
4.5461105;3664;805.9636913796969;0;6;122;1.0;0.0;77413.0
11.309255;550;48.63273487068777;0;0;15;0.6666666666666666;0.0;95298.0
4.38061;610;139.25001312602583;0;0;11;0.75;0.0;77338.0
5.1346295;289;56.284489465111356;0;0;8;0.0;0.0;77526.0
12.604793;773;61.32587817983207;0;1;24;0.5;0.0;77054.0
6.1214385;10707;1749.0986799916393;0;18;241;0.6666666666666666;513.7309506356985;91552.0
2.5041825;787;314.27421923122614;0;2;17;0.6666666666666666;0.0;78227.0
7.8478285;7158;912.0994425400605;0;18;242;0.5;0.0;95574.0
6.06072;1237;204.10116289813752;0;2;34;0.75;0.0;91679.0
17.5049855;739;42.21654453812601;0;1;27;0.5;0.0;77485.0
10.532816;3904;370.65111552314215;0;3;103;0.5;436.4821265552139;95504.0
4.343784;167;38.445742237643486;0;0;8;0.0;0.0;77355.0
15.7344515;656;41.69195221072689;0;0;25;0.6;0.0;95023.0
7.689624;686;89.21112397693307;0;1;40;0.4;0.0;77234.0
10.9830005;405;36.8751690396445;0;0;8;0.5;0.0;77505.0
19.5877805;473;24.14770780181042;0;0;20;1.0;0.0;77414.0
10.9424825;32929;3009.2805723015776;0;169;1198;0.47586206896551725;7765.761700805215;78423.0
13.9576135;1448;103.7426634574743;0;2;62;0.75;0.0;78346.0
16.3310715;783;47.945414971699805;0;1;30;0.0;0.0;77266.0
1.83773;7981;4342.857764742372;4;22;306;0.3;350.6951325241561;93039.0
12.4836705;1313;105.17739954767309;0;1;46;0.6;0.0;77095.0
3.961437;71;17.92278912929828;0;1;7;0.0;0.0;95492.0
6.7979685;51016;7504.594938914472;14;75;1506;0.25;0.0;93071.0
6.2834125;195814;31163.639184917432;91;666;7906;0.2342857142857143;146.0570830999532;75120.0
7.795605;25041;3212.1945634751887;8;89;789;0.3;2186.6015518887702;77083.0
4.1241935;2048;496.5819377776528;0;9;70;0.0;0.0;95450.0
12.46264;2832;227.23917243858443;0;8;103;1.1;0.0;77159.0
19.9613715;825;41.32982545813548;0;2;37;1.0;0.0;77002.0
13.0392095;896;68.71582207495017;0;1;18;0.6666666666666666;0.0;77436.0
5.701047;3375;591.9965227439802;0;3;114;0.5714285714285714;0.0;77155.0
5.96787;1147;192.19587558039973;0;5;33;0.6666666666666666;0.0;91132.0
19.64546;3242;165.02540536083146;0;4;98;0.5;0.0;77107.0
21.71883;2719;125.19090577162765;0;6;122;0.6;0.0;91359.0
12.9495085;1283;99.0771194134511;0;3;34;0.8;0.0;91038.0
21.622704;1914;88.5180687854766;0;3;44;0.825;0.0;78120.0
18.3700895;906;49.31930244542358;0;2;41;1.0;0.0;77032.0
37.2782155;1527;40.96226118978254;0;1;48;0.7;1599.5950645102225;77239.0
9.839298;344;34.96184382259791;0;0;5;1.3333333333333333;0.0;77426.0
3.095018;1034;334.085294495864;0;1;27;0.625;0.0;78605.0
5.3639585;4171;777.5973658260033;4;6;116;0.6666666666666666;0.0;95604.0
2.8132375;1176;418.0237182249988;0;1;42;0.0;0.0;77209.0
2.6253315;1609;612.8749835973094;0;3;47;0.5;348.978435114212;95436.0
2.543646;364;143.1016737391917;0;0;16;0.0;0.0;78475.0
7.1580375;4903;684.9642796646427;1;11;137;0.5882352941176471;4063.4870225392565;77513.0
9.802646;650;66.30862728287852;0;1;19;0.4;0.0;77423.0
9.024538;652;72.24746574284468;0;1;16;0.0;0.0;78320.0
3.7967505;10052;2647.527141959947;0;25;301;0.4878048780487805;0.0;91312.0
7.7027545;325;42.19269872874697;0;1;8;0.0;0.0;77163.0
17.7333005;730;41.165489751893624;0;0;22;1.0;0.0;77490.0
22.197361;861;38.78839471052437;0;0;34;0.0;0.0;77025.0
9.69824;1483;152.91434322103805;0;2;65;0.6363636363636364;0.0;91274.0
12.9176855;300;23.223974604428946;0;2;9;0.0;0.0;77225.0
1.4523855;14056;9677.871336501225;4;28;310;0.5483870967741935;2342.5200610647953;94069.0
9.757439;1508;154.54874993325606;0;1;45;0.6666666666666666;0.0;91198.0
17.296266;5854;338.45455429512936;1;16;255;0.631578947368421;0.0;78380.0
1.814309;30374;16741.359933726835;9;94;1144;0.3373493975903614;656.4439213724008;94018.0
5.914459;21356;3610.812079346564;0;67;867;0.5714285714285714;1028.428976545058;77243.0
11.7879115;1306;110.79146632548098;0;0;33;0.5333333333333333;0.0;77203.0
2.3436655;4471;1907.6954454464596;0;10;135;0.6666666666666666;0.0;91333.0
7.81699;232;29.67894291792621;0;0;4;0.0;0.0;77286.0
8.887374;22036;2479.472564111739;43;168;963;0.75;5234.941115968865;78640.0
8.4093555;680;80.86232054287632;0;0;13;0.0;2550.601442578174;77401.0
7.509837;485;64.58196096666279;0;2;21;0.0;0.0;95055.0
15.622271;8718;558.0494666876538;0;35;343;0.631578947368421;2033.5909769411323;77470.0
4.97452;2752;553.2192050690318;0;2;96;0.7142857142857143;0.0;91275.0
16.3720605;898;54.84954077710622;0;1;24;0.5;0.0;78470.0
2.0516445;3347;1631.3742463667559;0;7;86;0.4;0.0;77419.0
21.6215675;323;14.938787393652193;0;2;14;0.0;0.0;77066.0
6.0253975;3412;566.2696942400895;0;20;131;0.4;0.0;77389.0
12.480766;6908;553.4916687004628;1;12;244;0.5333333333333333;0.0;95039.0
8.163862;3868;473.7953679275813;1;9;105;0.6;131.2131628264596;91085.0
7.626936;6160;807.6637852998898;0;11;194;0.8888888888888888;0.0;77330.0
8.9989625;556;61.784900203773496;0;1;11;1.0;0.0;78162.0
9.116537;52971;5810.42999112492;34;152;1959;0.453125;2351.6572844058883;92023.0
8.4297255;2466;292.5362160369279;3;11;74;0.8076923076923077;0.0;77061.0
11.3589015;1114;98.07286382402383;0;3;35;1.5;0.0;95535.0
8.2790505;296;35.752892194581975;0;1;11;0.75;0.0;77097.0
11.685619;668;57.164280300427386;0;0;17;0.0;0.0;77381.0
10.2529265;731;71.29671708853078;0;0;14;0.7777777777777778;0.0;78006.0
11.5807255;93557;8078.682117109157;40;223;3212;0.35514018691588783;0.0;94081.0
1.917745;374;195.02071443283648;0;1;7;1.5;0.0;78185.0
14.729906;54991;3733.2892687842;2;183;2106;0.41964285714285715;0.0;77284.0
9.7788845;1942;198.59115832690324;0;6;63;0.8;0.0;78337.0
5.5675295;591;106.15121123291757;0;0;16;0.0;0.0;77365.0
11.8339695;11062;934.7666478268344;0;56;379;0.4583333333333333;0.0;77487.0
17.3625975;899;51.77796697757925;0;2;25;0.75;0.0;77172.0
10.4863665;2139;203.97913805511183;0;3;83;0.6666666666666666;0.0;78239.0
5.1104235;2708;529.8973754327798;0;5;84;0.4;0.0;95058.0
1.7087415;588;344.1129041461216;0;0;18;0.0;0.0;77233.0
5.448176;20816;3820.7282584116224;0;39;518;0.32857142857142857;0.0;77285.0
4.2203755;166;39.33299300026739;0;1;9;0.0;0.0;78234.0
2.281715;650;284.87343949616843;0;0;27;0.0;0.0;78031.0
14.4755355;724;50.0154208457435;0;2;24;0.7142857142857143;0.0;91662.0
7.298988;6233;853.9540001983837;1;16;185;0.4583333333333333;0.0;77079.0
3.0760735;441;143.36458475390785;0;1;15;0.6666666666666666;0.0;77150.0
6.739427;324;48.07530373131128;0;0;14;0.0;0.0;91037.0
13.0222065;470;36.09219374612129;0;0;21;0.0;0.0;77361.0
3.106704;107;34.44164619480968;0;0;9;0.5;5503.22487867261;95212.0
9.295753;20206;2173.680819617303;4;70;813;0.36813186813186816;0.0;77305.0
4.6485705;594;127.78121790343936;0;1;13;0.0;0.0;77300.0
3.3136355;21150;6382.717712916825;0;38;768;0.5;0.0;93049.0
1.483292;23045;15536.387980249337;0;46;932;0.3695652173913043;0.0;93045.0
8.404923;392;46.63933268633157;1;1;15;0.0;0.0;77360.0
2.4829045;1159;466.79201717182434;0;4;35;0.6666666666666666;0.0;77280.0
3.376728;391;115.79256605803015;0;2;15;0.0;0.0;78528.0
11.0651155;266;24.03951409273586;0;1;5;0.0;0.0;91508.0
11.020713;239;21.68643716608898;0;1;8;0.0;0.0;77198.0
4.014172;2355;586.6714231477873;0;8;73;0.0;0.0;77394.0
15.6096205;330;21.14080864425884;0;1;16;0.0;0.0;77301.0
6.6954325;1089;162.64819337660413;0;10;54;0.0;0.0;95658.0
3.7191985;4557;1225.2639916906828;0;6;203;1.0;0.0;95612.0
8.725257;5677;650.6398608086846;5;17;183;0.4838709677419355;0.0;95371.0
8.174721;491;60.063211943257755;0;0;21;1.0;0.0;78590.0
0.747881;22619;30244.11637680326;4;57;747;0.2413793103448276;0.0;94067.0
5.701753;721;126.45233842995303;0;2;25;0.0;0.0;77515.0
6.409873;31093;4850.7981359381065;8;88;1097;0.3865546218487395;1627.4584555176755;91687.0
3.4925805;4755;1361.4575240284369;1;13;222;0.5084745762711864;0.0;94047.0
15.108259;1768;117.02208705847576;0;4;52;1.0;0.0;77126.0
19.499246;1230;63.07936214559271;0;5;52;0.8;0.0;77261.0
4.852263;917;188.98398541051878;0;0;17;0.75;0.0;77117.0
12.2173945;960;78.5764919025902;0;3;34;0.0;0.0;77534.0
15.9858315;2322;145.25362662555276;0;6;68;1.0;0.0;91648.0
11.151925;1058;94.87151321408635;8;7;57;0.6;0.0;78615.0
10.1550575;2348;231.2148404871169;0;3;92;0.6;0.0;78265.0
7.051051;8394;1190.460826336386;1;11;269;0.5121951219512195;0.0;91105.0
7.6322465;368;48.216472043978136;0;0;8;0.0;0.0;91137.0
2.8242365;124;43.90567149741178;0;0;4;0.0;0.0;78608.0
6.015997;1183;196.64238529374268;0;1;39;0.6666666666666666;4740.69677522236;77065.0
6.2549605;12673;2026.0719472169328;0;30;339;0.3076923076923077;0.0;91235.0
4.034599;148;36.682703782953396;0;0;4;0.0;0.0;77021.0
3.589809;19344;5388.587526522999;4;61;699;0.4722222222222222;0.0;92071.0
13.305043;3278;246.37274753640406;0;4;114;0.5833333333333334;0.0;77005.0
3.268523;7753;2372.0194106022814;0;19;286;0.7391304347826086;0.0;91665.0
17.1476835;8139;474.6413706551092;0;35;315;0.7307692307692307;1556.078950896568;91363.0
3.783168;297;78.50563337393423;0;0;3;0.5;0.0;77366.0
10.3646795;64;6.174817079486154;0;0;2;0.0;0.0;77532.0
10.998412;14319;1301.9152219429495;12;30;424;0.6;0.0;91386.0
5.799865;21461;3700.258540500512;0;37;675;0.6;0.0;95428.0
5.480792;672;122.61001694645591;0;1;24;0.6923076923076923;0.0;95584.0
14.137384;879;62.17557647157352;0;0;20;0.0;0.0;77272.0
11.2275935;16820;1498.0948499783146;6;50;496;0.38095238095238093;0.0;78335.0
1.3849295;430;310.48511855657637;0;0;11;0.3333333333333333;0.0;77331.0
2.083501;14648;7030.474187437395;0;41;759;0.5925925925925926;0.0;93062.0
12.407549;526;42.393546058129616;0;1;17;0.0;0.0;91079.0
4.534074;857;189.01323621978818;0;1;42;0.0;0.0;95651.0
3.7739495;416;110.22934991578451;0;0;22;0.0;0.0;95656.0
5.224682;1038;198.67237852944928;0;2;35;0.7777777777777778;0.0;91463.0
6.5707595;395;60.11481625525938;0;4;21;0.0;0.0;78558.0
16.4177555;2110;128.51939474917873;0;7;78;0.4;0.0;95142.0
11.487601;300;26.11511315547955;0;0;7;0.0;0.0;77522.0
9.985245;952;95.34067516620773;0;1;24;4.0;0.0;78516.0
14.33957;721;50.28044774006473;0;1;17;0.75;0.0;77398.0
13.5596115;1105;81.49201029837765;0;3;28;0.7857142857142857;0.0;77113.0
42.674613;4337;101.62950979778071;1;10;125;0.36363636363636365;0.0;77238.0
12.273619;1629;132.7236897283515;0;4;51;0.5;0.0;77229.0
18.100464;4860;268.50140416289884;0;16;223;0.8333333333333334;0.0;77182.0
5.718167;518;90.5884700464327;0;1;13;0.5;0.0;78548.0
4.967902;2154;433.58343220135987;0;8;98;0.0;52.927262107030444;77128.0
16.1907825;54917;3391.8681817880015;0;131;1969;0.45263157894736844;0.0;77108.0
2.761281;61070;22116.546631798792;7;219;2456;0.3045977011494253;0.0;92024.0
7.838448;609;77.69395165981838;0;2;23;1.0;0.0;78325.0
1.621671;11228;6923.722505983026;0;43;775;0.5;0.0;95210.0
5.805299;470;80.96051555656307;0;0;21;0.0;0.0;91441.0
17.960562;1394;77.61449780914428;0;3;32;0.6875;0.0;77070.0
1.703035;28088;16492.908249096465;39;259;2566;0.325;0.0;75104.0
4.619279;572;123.82884861468641;0;1;15;0.0;0.0;95254.0
8.0351575;1084;134.90712534259595;0;0;23;0.0;0.0;78290.0
8.873222;4927;555.2661705071731;0;14;169;0.5454545454545454;0.0;78638.0
5.304559;26;4.901444210536634;0;0;3;0.0;0.0;77304.0
14.3596755;3851;268.18154769583754;0;4;128;0.8235294117647058;0.0;91249.0
5.4869615;38720;7056.728938229292;4;74;1411;0.2605042016806723;0.0;93072.0
6.679197;112;16.768482798156725;0;0;2;0.4444444444444444;0.0;77342.0
1.526219;29169;19111.93609829258;8;81;821;0.4111111111111111;0.0;92035.0
13.539568;22994;1698.2816586171732;4;51;711;0.42857142857142855;115.55344951922466;77390.0
6.985902;806;115.37522284166025;0;1;30;0.0;0.0;77231.0
12.6785725;1475;116.33801833763226;0;1;55;1.0;0.0;91630.0
10.0093465;29029;2900.1893380352058;3;41;867;0.48333333333333334;0.0;91691.0
7.849517;712;90.70621797494037;0;3;36;0.4166666666666667;0.0;95459.0
3.2690235;703;215.0489282196962;0;3;38;0.3333333333333333;0.0;91538.0
9.3277205;1402;150.3046751883271;0;1;41;0.0;0.0;95177.0
8.976724;5549;618.1542397872541;0;8;161;0.7222222222222222;0.0;95480.0
5.2522625;5083;967.7734119343808;0;5;136;0.4782608695652174;0.0;95392.0
7.2908655;1415;194.07846709008692;0;6;88;0.6666666666666666;0.0;78616.0
22.7150675;522;22.98034113259844;0;1;14;0.8888888888888888;0.0;77115.0
2.427782;64379;26517.619786290532;11;352;2889;0.35751295336787564;0.0;92044.0
34.739702;1378;39.666431220394465;0;2;52;1.3333333333333333;0.0;78562.0
5.356582;3133;584.8879005305995;4;23;238;0.0;1238.830448005611;78118.0
4.762935;55084;11565.13788241914;40;108;1998;0.27;0.0;93031.0
9.808871;62570;6378.919653444316;17;162;2041;0.509090909090909;1536.9902334791423;92002.0
11.5548725;5072;438.94902345309305;0;13;148;0.5714285714285714;0.0;91540.0
12.406926;16910;1362.9484047861654;3;53;672;0.5178571428571429;1167.7394719323688;95476.0
4.923369;379;76.97980793233252;0;0;14;1.0;0.0;77525.0
13.998548;1479;105.65381495280796;0;3;52;0.5454545454545454;0.0;77208.0
7.568914;2430;321.0500211787318;0;16;141;1.0;0.0;95211.0
9.5693155;4017;419.77924126339025;0;10;122;0.7391304347826086;3289.4301991504417;91617.0
11.8103315;772;65.36649712160916;0;1;21;0.5;0.0;77308.0
2.8055165;14227;5071.080494447279;2;31;717;0.6;0.0;95019.0
1.605199;3448;2148.0202766136786;4;5;83;1.0;0.0;78367.0
8.6368575;524;60.67021483218868;0;3;19;0.0;0.0;77057.0
13.989426;995;71.12514837992639;0;4;27;0.5;511.9289553754629;77006.0
1.035079;156;150.71313397334887;0;0;4;0.0;0.0;78237.0
8.2166865;26322;3203.481111272774;4;46;889;0.5702479338842975;3877.356933274151;77514.0
14.22085;656;46.12945077122675;0;1;19;0.0;820.0102617190241;77185.0
29.967001;19931;665.0982525745569;0;76;713;0.44680851063829785;3931.1352253616546;77294.0
13.6314215;327;23.988694062464432;0;0;11;1.0;0.0;77019.0
7.1638735;13324;1859.887671104187;0;16;344;0.5294117647058824;0.0;78015.0
2.510644;35674;14209.10332169754;3;116;1415;0.28125;1267.9066187632238;93006.0
5.2013545;85191;16378.618300290818;12;218;3403;0.41379310344827586;0.0;92004.0
20.909869;863;41.27237717271208;0;1;30;0.0;0.0;77357.0
11.952;3059;255.94042838018743;0;6;79;0.8;0.0;91579.0
11.7277065;10835;923.8805558444014;0;26;371;0.4166666666666667;1130.3360203757748;91573.0
23.5660065;931;39.50605716755616;0;0;29;0.5454545454545454;0.0;78497.0
7.053862;216;30.621523358409906;0;0;6;0.0;430.0585659299476;77103.0
2.9864115;16072;5381.709787817252;0;46;454;0.44;0.0;78481.0
5.1827645;3523;679.7530545715515;0;1;83;0.5454545454545454;0.0;95509.0
7.1622185;743;103.73880662814183;0;1;22;1.0;422.07971087634166;77410.0
6.5621065;3721;567.043524819355;4;12;145;0.6875;1750.0160077209562;78043.0
4.3279295;81719;18881.777071461078;7;431;2834;0.39;0.0;92026.0
18.677469;742;39.72701012112509;0;0;18;0.0;0.0;77506.0
7.5859715;549;72.37042743964962;0;0;18;0.0;0.0;91482.0
2.5193215;241;95.66067689256809;0;0;5;1.0;0.0;77033.0
8.809842;357;40.522860682404975;0;1;16;0.6;0.0;77325.0
9.5442585;50833;5326.02925622771;6;191;1701;0.41630901287553645;852.3029803020974;91377.0
9.456164;635;67.15196563849781;4;0;12;1.5;0.0;77386.0
7.439707;165;22.17829277416436;0;0;5;0.0;0.0;77212.0
11.657904;820;70.33854456169823;0;2;20;1.3333333333333333;0.0;77456.0
4.8557745;45;9.26731667625834;0;0;3;0.0;0.0;95611.0
6.1440105;3857;627.7658542412972;0;9;142;0.6153846153846154;2208.322497896966;77420.0
3.9907145;244;61.14193335554322;0;0;9;0.0;0.0;95543.0
19.2997965;6433;333.31957671159904;3;13;220;0.52;0.0;78531.0
13.3150115;8657;650.1684208083485;3;29;333;0.5;8560.467751002507;77215.0
16.5115655;2867;173.63586753781766;0;7;80;0.75;0.0;91135.0
4.2528455;4833;1136.415606915417;0;10;173;0.8333333333333334;0.0;93015.0
1.8648885;49891;26752.805864801034;7;135;2024;0.28888888888888886;0.0;94080.0
7.0110435;696;99.27195573668884;0;0;30;0.42857142857142855;0.0;95287.0
13.70243;1813;132.31229789168782;0;5;75;1.0;0.0;77397.0
7.9080815;501;63.352913092764666;0;0;12;1.0;0.0;77287.0
8.027962;751;93.5480262612105;0;1;19;0.0;0.0;77425.0
3.6339765;95;26.1421613485943;0;1;3;0.0;0.0;77015.0
3.341204;16624;4975.4519628253765;0;46;562;0.5666666666666667;0.0;94015.0
10.194711;35846;3516.1369459124444;9;82;1219;0.4603174603174603;0.0;78172.0
20.591594;1748;84.88900859253538;0;6;53;0.5833333333333334;2564.396758928218;77279.0
10.187866;373;36.612181589353455;0;1;19;1.0;0.0;91035.0
9.1059235;421;46.23364121167941;0;1;16;1.0;0.0;77353.0
18.1222705;703;38.79204871155632;0;0;16;0.7142857142857143;0.0;77072.0
7.987929;372;46.570268714206144;0;1;11;0.0;0.0;95011.0
14.1193475;65177;4616.148161237621;4;250;2105;0.4155844155844156;885.7602390769231;95127.0
5.201879;7720;1484.0791183339713;0;27;281;0.9;1776.3509687800797;77169.0
4.76894;256;53.68069214542435;0;0;4;0.0;0.0;77484.0
1.449736;1746;1204.3572071052938;0;3;35;0.5;0.0;77124.0
8.9811445;579;64.4683982091592;0;3;23;0.5;0.0;77179.0
4.639659;532;114.66359919985499;0;2;19;0.0;0.0;77138.0
4.533159;292;64.41424181238735;0;0;7;0.0;0.0;78070.0
5.658544;185;32.693922676928906;0;0;3;1.0;0.0;77256.0
6.9512755;1261;181.40555643349194;0;1;33;1.0;0.0;77084.0
5.300676;9775;1844.1044123428785;5;18;286;0.5084745762711864;2101.876843069542;95229.0
18.1745395;1445;79.50682876999441;0;3;50;0.5;0.0;77318.0
4.14846;31204;7521.827376906129;0;50;927;0.48951048951048953;0.0;94038.0
12.8592075;3302;256.7809874753168;2;5;95;1.0;0.0;91115.0
6.119947;1211;197.87753063874572;0;3;44;1.0;0.0;77457.0
11.459142;46907;4093.4129274251072;34;265;1709;0.3150684931506849;8366.090963778446;92036.0
5.7575595;167288;29055.366253705237;117;868;9989;0.28102189781021897;0.0;75117.0
23.102702;2463;106.61090637796393;0;5;87;0.6666666666666666;0.0;78263.0
17.954264;2096;116.74107053343987;0;5;61;0.7272727272727273;0.0;77240.0
6.28318;36762;5850.8589599534;0;73;1251;0.5480769230769231;3092.34697000935;95252.0
18.6996685;1952;104.38687723260976;3;2;59;0.5;0.0;77405.0
7.7119275;6785;879.8059888400144;0;14;297;0.6666666666666666;1512.7256306985214;91339.0
34.241478;4609;134.60283460895;0;19;275;0.6666666666666666;0.0;91405.0
8.142467;939;115.32131478088888;0;1;30;0.875;0.0;78569.0
18.358369;2451;133.50859218485041;0;7;92;0.8;0.0;77217.0
8.770493;1380;157.34577292291323;0;2;30;0.5714285714285714;0.0;77295.0
5.8000765;86375;14892.044958372531;18;270;4061;0.22448979591836735;367.5683030285527;93001.0
8.718162;58587;6720.109123918551;26;169;2483;0.2839506172839506;0.0;95585.0
32.9291455;1231;37.38329620487723;0;2;45;1.0;0.0;77519.0
5.673165;3433;605.1295881575804;0;23;134;0.8;255.4604320381045;77181.0
3.0606505;5720;1868.8837552670584;0;10;149;0.6;0.0;91577.0
2.130419;41100;19291.979652828857;57;432;3986;0.2028985507246377;0.0;75106.0
10.877045;463;42.56670814545678;0;0;9;0.0;0.0;77247.0
5.580977;670;120.05066496421684;0;0;14;0.3333333333333333;0.0;77290.0
13.99499;247;17.649173025489837;0;0;20;1.0;0.0;77190.0
2.90097;3631;1251.6503100687012;0;10;112;0.8;0.0;77315.0
4.901613;373;76.0973989582613;0;0;10;0.0;0.0;77043.0
23.855931;8710;365.1083665525357;0;21;304;0.45;0.0;77327.0
8.013776;154;19.216908483591254;0;0;7;0.0;0.0;95046.0
7.5605205;1122;148.40248101965994;0;0;29;0.75;0.0;77435.0
6.0921565;1897;311.3839902175855;0;1;50;0.0;0.0;78057.0
16.028459;4531;282.6846922714155;0;10;259;0.6428571428571429;0.0;77142.0
11.5698315;632;54.624823187788;0;0;14;0.5;0.0;78484.0
3.559059;268;75.30080282456683;0;0;9;0.0;0.0;95181.0
8.4269965;503;59.68911936773678;6;0;16;0.6;0.0;95676.0
17.452267;3289;188.456892161918;0;12;127;0.42857142857142855;3471.4130028551444;77335.0
3.8497085;603;156.6352361483993;0;2;51;0.4;983.7607030482199;95510.0
17.8056655;364;20.44293149278807;0;1;10;0.5;0.0;77024.0
7.278124;1313;180.40363148525637;0;4;31;0.5;0.0;77063.0
10.3037805;1621;157.32089789762117;0;3;77;1.0;0.0;91159.0
7.351981;16035;2181.0448095554107;0;31;435;0.6428571428571429;0.0;95323.0
7.185165;3108;432.5579162065172;4;15;195;1.0;2681.585943112579;77276.0
16.494325;85740;5198.151485435142;4;245;3337;0.2874251497005988;6814.907291536766;93005.0
6.815091;786;115.33228243027129;0;1;22;0.0;0.0;91204.0
6.5141645;10048;1542.4848420699232;1;14;279;0.4166666666666667;0.0;78643.0
7.2766945;473;65.00204179246498;0;0;8;0.0;0.0;77274.0
8.0124055;847;105.71107515714226;0;1;46;1.0;2422.9671726839765;77477.0
4.1758535;4581;1097.0212436810823;0;20;172;0.38461538461538464;1500.1556960394278;91044.0
8.4389495;29225;3463.108767270144;4;55;1078;0.46987951807228917;5578.554320913042;91521.0
6.55973;5388;821.3752700187355;1;11;134;0.5;0.0;91376.0
11.890717;1253;105.3763200318366;0;1;47;0.0;0.0;91408.0
7.422234;615;82.85914995404349;0;1;20;0.0;0.0;78296.0
19.4089315;6708;345.6140797858965;0;11;220;0.5384615384615384;0.0;78220.0
4.175761;2722;651.8572303347821;0;7;103;0.4;0.0;77533.0
12.05871;29984;2486.5014582820218;0;57;769;0.539568345323741;0.0;77445.0
5.1837645;14967;2887.2839420077826;0;43;412;0.42857142857142855;380.78342712626596;78124.0
4.1058335;562;136.87841944881592;0;0;25;0.0;0.0;78202.0
10.5713945;1987;187.96006524966975;5;29;174;0.0;1144.5158737852676;77146.0
2.0205085;30720;15204.093424996727;8;127;1089;0.3235294117647059;0.0;92046.0
7.6631495;2004;261.51127548797007;0;4;77;0.8571428571428571;0.0;77483.0
13.595347;900;66.19911944873492;0;2;32;0.0;0.0;77270.0
13.979677;356;25.465538295341158;0;2;15;0.0;0.0;77013.0
3.471068;10305;2968.82688555799;0;25;393;0.6818181818181818;0.0;94055.0
16.393331;2998;182.87924522478073;2;0;107;0.625;0.0;91099.0
2.9068895;8778;3019.722627915509;0;20;296;0.5714285714285714;0.0;95288.0
6.5569525;101;15.403497280177033;0;0;3;0.0;0.0;77396.0
8.1481505;662;81.24543109506875;0;0;18;0.0;37.75066284124078;77474.0
14.8419155;3054;205.7685882930677;0;11;92;0.6666666666666666;0.0;77322.0
13.6124415;28633;2103.4433830257417;0;155;877;0.4492753623188406;465.02650983435103;78297.0
4.8552295;168;34.6018658850215;0;0;6;0.6666666666666666;0.0;77102.0
7.9358095;1934;243.70544681043566;0;6;80;0.6;0.0;77127.0
5.3215975;214;40.21348852482736;0;1;7;1.0;0.0;77068.0
3.829832;3482;909.1782616052087;0;11;107;0.38461538461538464;2121.5792382694003;95430.0
3.427251;210;61.273597994427604;0;0;6;0.0;0.0;78385.0
22.921673;571;24.910921641714374;0;2;18;0.0;0.0;77129.0
7.394336;428;57.88214114154401;0;0;14;0.75;0.0;91602.0
3.5219305;8990;2552.5773435903975;0;24;372;0.8222222222222222;0.0;78401.0
7.142866;682;95.47988160494681;0;0;14;0.0;0.0;78437.0
25.8446075;765;29.599985219353787;3;2;36;1.0;0.0;78077.0
14.934803;975;65.28375365915439;0;1;19;0.7;0.0;77406.0
13.127844;6680;508.8421221336878;0;10;165;0.53125;0.0;77349.0
9.603274;246;25.61626378670441;0;0;4;0.0;0.0;77303.0
6.5362745;663;101.43392845572811;0;1;19;0.0;828.2713978964613;95445.0
13.6591315;391;28.625538893157298;0;3;13;1.0;0.0;77471.0
10.788863;3676;340.72172387396154;1;7;124;0.5416666666666666;321.45623378970805;78402.0
1.174263;1042;887.3650962348298;0;1;43;0.4444444444444444;0.0;78451.0
2.979615;206;69.13644883651077;0;0;13;1.0;0.0;95110.0
6.632694;167;25.17830613020893;0;0;6;0.0;0.0;77197.0
4.4796785;899;200.68404462507743;0;1;18;0.0;0.0;77392.0
10.4363675;394;37.75259926406386;0;1;8;0.0;0.0;77454.0
11.750373;30637;2607.3214867306765;4;75;1188;0.4166666666666667;0.0;95280.0
6.785196;921;135.7366832144569;0;1;38;0.5;0.0;95395.0
7.727076;301;38.95393289777401;0;0;6;0.75;0.0;77310.0
9.915341;916;92.38209760007246;0;0;24;0.8;0.0;95008.0
5.224164;28737;5500.784431729172;5;65;780;0.1794871794871795;3813.99445823122;91286.0
7.135667;417;58.43882569071679;0;1;16;1.75;0.0;95429.0
19.196302;283;14.74242278538856;0;0;6;0.6666666666666666;0.0;77421.0
4.4527655;4097;920.1023498767227;8;20;141;0.7272727272727273;0.0;91457.0
27.9712325;368;13.156374142612414;3;1;12;2.0;0.0;77026.0
7.5898035;691;91.04320026203577;0;5;18;0.0;0.0;78113.0
4.891813;21221;4338.064435414845;8;65;807;0.4725274725274725;717.024313288372;91345.0
3.549097;36;10.143425214920866;0;0;2;0.0;0.0;95141.0
9.8965245;978;98.82257149972195;0;1;36;0.6666666666666666;0.0;91546.0
11.3091035;2772;245.11226729864129;0;8;122;0.5833333333333334;0.0;77048.0
10.0029115;979;97.87150471140328;0;1;26;0.6666666666666666;0.0;77077.0
10.144658;921;90.78669778715064;0;0;20;0.6666666666666666;0.0;91469.0
17.2646755;3952;228.9067060658047;0;8;125;0.7777777777777778;4346.267483722122;77114.0
12.0712985;1299;107.61062697604571;3;1;50;1.0;0.0;95592.0
3.758383;16464;4380.60729840466;0;29;408;0.4634146341463415;0.0;95637.0
12.6995685;695;54.72626884921326;0;1;19;1.25;0.0;77329.0
13.328717;823;61.746378139771444;0;1;32;0.25;0.0;77082.0
6.5549295;5876;896.4245915993451;0;10;188;1.0;0.0;77037.0
16.386818;290;17.697151454296982;0;0;5;0.0;0.0;77041.0
2.69308;422;156.69790722889775;0;0;12;1.0;0.0;78391.0
11.1143275;3161;284.4076710894114;3;9;97;0.7;358.98728165801623;91225.0
17.186772;287;16.69888912240181;0;0;6;0.0;0.0;77424.0
1.6807065;776;461.7105961094337;0;1;29;0.8333333333333334;0.0;95660.0
9.9300255;4639;467.1689916606962;1;18;167;0.5294117647058824;1363.2558238259357;91064.0
5.305327;499;94.05640783310811;0;0;14;0.0;0.0;95253.0
14.9110815;303;20.32045764084919;0;0;9;0.0;0.0;91001.0
4.7717225;2197;460.42073905177847;3;3;63;0.75;0.0;78403.0
9.0189585;109897;12185.10984389162;13;411;4774;0.28651685393258425;376.17187513255095;93048.0
2.7024475;1266;468.4642347353649;0;2;33;0.0;0.0;77075.0
6.012181;172;28.608586468038805;0;1;6;0.0;0.0;77206.0
7.8015445;788;101.00564061385536;0;0;30;0.5;0.0;78329.0
1.2022735;18605;15474.848277035135;0;58;494;0.3392857142857143;0.0;94037.0
10.952813;942;86.00530292994137;0;1;44;0.0;0.0;77354.0
11.2116225;74859;6676.910500688014;0;209;3386;0.5236051502145923;0.0;94068.0
8.067466;635;78.71120869923716;0;1;14;0.0;0.0;77120.0
12.741395;915;71.81317273344088;0;4;31;0.5555555555555556;636.2832678173864;78289.0
4.773646;8645;1810.984727397046;8;15;253;1.0;0.0;77268.0
6.5375995;187015;28606.06557498666;98;709;7158;0.208;0.0;75119.0
19.054117;912;47.8636716673882;0;1;26;0.4;0.0;77283.0
20.3553165;448;22.008992097961237;0;0;5;0.7;0.0;77245.0
4.5264685;3203;707.6156610832485;0;8;110;0.0;0.0;78501.0
17.288067;1454;84.10425526462848;0;3;49;0.5;0.0;77086.0
5.6639825;876;154.66149480511282;0;0;19;0.8;0.0;78474.0
16.7820225;819;48.80222273566848;0;2;33;1.0;0.0;91294.0
15.5653365;362;23.256805273692603;0;0;10;0.0;0.0;77236.0
3.13818;32851;10468.169448533863;0;92;1254;0.43333333333333335;103.34824451336738;94052.0
4.532818;51108;11275.105243581367;16;251;2342;0.2661290322580645;0.0;93070.0
52.556514;44753;851.5214688706333;17;191;1896;0.43333333333333335;2533.3845380880907;78551.0
10.1217925;3151;311.3084960000909;0;2;90;0.631578947368421;0.0;77042.0
5.622306;25208;4483.569553133536;7;107;718;0.4318181818181818;981.5360115284637;91692.0
8.684463;352;40.532154953046614;0;0;10;0.0;0.0;95059.0
21.7875985;596;27.355011154625416;0;1;16;1.0;0.0;77246.0
28.699592;596;20.766845744706057;0;0;20;0.0;11295.583708856915;77527.0
9.146074;11817;1292.0297823962499;7;43;443;0.5402298850574713;490.6765679986339;78029.0
13.857239;37747;2723.991409832796;6;96;1518;0.4520547945205479;9169.066502516933;77373.0
9.8687525;9619;974.692596657987;0;23;392;0.5151515151515151;0.0;77183.0
3.7170585;831;223.56387449915036;0;1;24;0.8;0.0;78647.0
0.6381175;17950;28129.61562721599;0;33;540;0.32432432432432434;0.0;93061.0
5.421619;4437;818.3902262405381;8;8;94;0.75;0.0;78224.0
5.533612;291;52.587713052523384;0;0;6;1.0;0.0;77461.0
15.0908085;329;21.80135013972247;0;4;11;0.5;0.0;77402.0
4.1479545;266;64.12799368941968;0;0;13;0.0;0.0;78076.0
10.3149035;26472;2566.3836796922046;7;55;828;0.4715447154471545;0.0;94071.0
11.3109835;719;63.5665324770388;0;1;18;0.6;0.0;77501.0
20.3968895;337;16.5221270625602;0;2;11;0.25;0.0;77297.0
20.036146;17817;889.2428713585937;1;51;751;0.5777777777777777;876.4745012135706;77053.0
22.835649;825;36.12772293005555;0;1;22;0.5;0.0;77383.0
16.8453385;827;49.09370031359121;0;2;29;0.0;7887.5244423570775;77031.0
6.6975495;123;18.36492585833072;0;0;7;0.0;0.0;77395.0
8.905239;6042;678.4770178543215;0;6;122;0.4782608695652174;0.0;77326.0
5.558175;541;97.33410696856431;0;0;18;0.0;0.0;95483.0
6.5511955;419;63.957792131222455;0;2;14;0.0;0.0;78505.0
6.9396485;1467;211.39399207322967;0;4;76;0.0;282.1572045825889;77363.0
3.037539;471;155.05973750460487;0;2;19;0.0;0.0;78147.0
13.163615;784;59.558107708254916;0;1;30;0.5;0.0;77202.0
11.100985;90605;8161.888336935866;16;330;3268;0.4117647058823529;10287.58657767733;94028.0
14.4666185;502;34.70057636482223;0;0;21;0.42857142857142855;468.15215532820696;78349.0
10.0279535;259;25.827802252972152;0;0;14;0.0;0.0;78478.0
6.4498495;385;59.69131527797664;0;0;12;0.5;0.0;95341.0
5.137785;2076;404.06517594644384;0;6;58;0.0;0.0;77255.0
6.2360245;438;70.23705567545477;0;0;11;0.0;0.0;78188.0
13.151688;208;15.815460342429049;0;0;4;0.0;0.0;77080.0
13.55221;1834;135.32848148014236;0;8;23;0.75;2111.8308572424403;77384.0
4.0535445;2924;721.3439990605752;5;6;109;0.6;0.0;77378.0
15.058993;2276;151.1389240967175;0;1;63;0.5;0.0;77344.0
15.9515155;442;27.708965960005493;0;0;14;1.5;0.0;91121.0
10.413505;814;78.16772546803405;0;0;28;0.7142857142857143;0.0;77516.0
12.93064;982;75.94365012095302;0;2;25;0.8;0.0;78246.0
5.463167;2310;422.83166522275445;0;14;133;0.4;0.0;91631.0
4.1818425;28456;6804.656081619525;0;58;903;0.43902439024390244;1052.6818791192932;94079.0
12.176458;1729;141.99531587921544;0;1;73;0.5;0.0;77531.0
14.008682;4029;287.60735663783356;0;17;124;0.5789473684210527;1402.49482918001;91534.0
9.765081;21017;2152.2606929732583;4;42;587;0.4666666666666667;0.0;78005.0
5.0241905;30253;6021.467537904863;10;75;881;0.4852941176470588;0.0;78146.0
21.55296;1386;64.30671239588438;0;1;48;0.7142857142857143;0.0;77311.0
8.553861;590;68.97470043060088;0;3;23;0.0;0.0;77174.0
3.0230505;23962;7926.430603789119;0;39;1311;0.46153846153846156;0.0;93057.0
7.527023;626;83.16701038378653;0;0;15;0.5;0.0;95328.0
7.724784;3237;419.0408430837678;0;9;88;0.0;0.0;77493.0
19.622851;683;34.80635917787889;0;1;25;0.7;0.0;91081.0
8.9798865;44299;4933.135847541058;0;144;1566;0.3765432098765432;0.0;78361.0
5.8582325;17950;3064.06411831555;6;60;652;0.3050847457627119;1728.0168744635416;94011.0
7.999678;85177;10647.553564030952;12;223;2893;0.41125541125541126;2960.4596191675437;92025.0
6.134351;17636;2874.9577583675928;0;38;584;0.625;0.0;78165.0
8.788145;169;19.230451932688865;0;0;7;0.0;0.0;77087.0
9.0035435;1068;118.61996335109616;0;1;21;0.4166666666666667;0.0;77154.0
12.436795;573;46.07296333179087;0;1;10;0.4444444444444444;0.0;77223.0
7.4203735;1702;229.36850820245098;0;1;49;0.0;2395.114294238135;95028.0
5.76972;258;44.71620806555604;0;1;11;0.0;0.0;78404.0
5.4969425;460;83.68288371217271;0;0;13;1.0;0.0;78053.0
14.3967595;2883;200.25339730096903;15;135;301;0.6;2860.172946105994;95527.0
7.538992;575;76.27014327644862;0;0;20;0.0;0.0;77195.0
2.29798;937;407.7494147033482;0;0;27;0.3333333333333333;0.0;78588.0
10.417486;36830;3535.4019194266257;6;115;1398;0.3333333333333333;4300.312123997707;93078.0
10.7730535;1963;182.21389135401583;0;5;71;0.6111111111111112;0.0;78087.0
5.193503;277;53.335869835831424;0;0;15;0.0;0.0;77332.0
4.123495;3261;790.8339891281546;0;1;138;0.56;0.0;95149.0
17.886736;2312;129.25779191910698;0;3;63;0.4166666666666667;0.0;77377.0
10.5927505;1980;186.92029043825775;0;6;73;0.0;3505.697837823745;95241.0
8.204206;1957;238.5361849763402;0;6;88;0.5;2460.6117734908544;95042.0
13.707712;920;67.11550403159914;0;1;14;0.0;38.83107889237047;95554.0
13.3072;6724;505.29036912348204;0;13;259;0.6226415094339622;0.0;78486.0
5.437085;13503;2483.4998901065555;0;20;338;0.4878048780487805;0.0;78242.0
7.051641;36533;5180.779906407601;0;76;1321;0.509090909090909;2003.7655549750918;91589.0
12.5306665;435;34.71483340491106;6;0;10;1.0;0.0;77328.0
12.6914985;111135;8756.649185279422;86;549;4893;0.23954372623574144;4423.498106767582;93066.0
5.1945635;1314;252.95676912987972;0;5;39;1.0;0.0;78140.0
3.0513705;7552;2474.9534676303647;0;18;212;0.4864864864864865;0.0;91097.0
6.9672055;698;100.18363890658887;0;1;14;0.0;3263.125636302017;95365.0
9.5353;2348;246.24290793158056;0;8;110;0.46153846153846156;0.0;78591.0
5.240668;1666;317.8984053177953;0;3;47;1.0;0.0;77016.0
11.2357875;7597;676.143082983725;0;20;263;0.5333333333333333;0.0;91045.0
15.3012245;678;44.31017922781278;0;2;20;0.0;1158.2658332668798;77104.0
10.122907;45352;4480.135992556288;12;123;1366;0.43617021276595747;987.1441313650793;92048.0
10.0287745;1161;115.76688657223272;0;1;24;0.5555555555555556;0.0;77292.0
20.82904;612;29.38205505390551;0;1;15;0.0;0.0;77509.0
6.988258;1242;177.7266952651147;0;3;33;1.0;0.0;77008.0
22.981555;1214;52.82497202647949;1;3;44;0.0;2138.9544706096176;77453.0
4.065281;676;166.28616816402115;0;5;86;0.4;3386.348593754892;95489.0
8.0459335;524;65.12606647817807;0;1;12;0.625;0.0;91247.0
19.313632;321;16.620385021315517;0;2;8;0.0;0.0;77444.0
8.9150795;1564;175.43309625001103;0;1;42;0.8;0.0;91568.0
7.5061395;16421;2187.675835227949;1;93;612;0.5892857142857143;1898.4127845386272;91471.0
5.0877365;1022;200.87518290304538;0;1;25;2.0;0.0;77106.0
6.8352595;16212;2371.819241098308;4;45;450;0.5185185185185185;0.0;78123.0
10.8487895;125;11.522022802636183;0;0;6;0.0;0.0;77009.0
8.0193975;490;61.10184711507317;0;0;25;0.0;0.0;77252.0
6.02472;528;87.63892761821296;0;6;40;1.0;0.0;77368.0
7.6706185;7521;980.4945976651036;0;20;255;0.8;4977.429682972705;77018.0
0.7293465;165;226.2299195238477;0;0;2;0.0;0.0;95282.0
4.6598055;294;63.09276213352682;0;1;14;1.0;0.0;91578.0
8.439104;605;71.69007515489795;0;2;21;0.5;0.0;95308.0
4.3963425;21601;4913.402447602752;0;48;764;0.4835164835164835;2051.3223778795696;95424.0
2.6342035;315;119.58073854202988;0;1;9;0.0;0.0;78416.0
9.6938655;682;70.353771671373;0;2;36;0.631578947368421;0.0;78655.0
9.8321465;3775;383.94464525116666;0;14;143;0.78;0.0;94070.0
13.0928705;1024;78.21050395327747;0;0;33;0.9166666666666666;0.0;77101.0
10.7204515;615;57.36698682886631;0;0;24;0.0;0.0;95213.0
5.801581;135964;23435.68072220314;80;658;6672;0.3102310231023102;0.0;75114.0
18.5379325;604;32.581842662335724;0;2;14;0.0;0.0;77165.0
7.2367775;2184;301.79178508666325;0;3;66;0.6666666666666666;0.0;91095.0
8.47553;133;15.692233995986093;0;0;2;0.0;0.0;91112.0
4.344176;246;56.62753995234079;0;1;4;0.4;0.0;77313.0
8.770649;1250;142.52081003355622;0;9;49;0.6666666666666666;0.0;91109.0
16.453413;1091;66.30843096201377;0;4;33;1.0;0.0;77336.0
5.6657515;6055;1068.7020071388588;0;5;137;0.875;0.0;77430.0
5.033248;1394;276.95833783672094;0;10;54;0.0;0.0;78143.0
7.9625205;382;47.97475874630401;0;1;18;1.3333333333333333;0.0;91414.0
8.4632775;4612;544.9425473760018;0;13;189;0.5555555555555556;3274.997883669038;78089.0
3.476783;414;119.07559373133151;0;0;11;0.75;0.0;95061.0
13.482462;1393;103.31940857686081;0;2;41;0.7;0.0;91525.0
3.5249205;7593;2154.0911348213385;0;33;392;0.56;0.0;91425.0
4.432054;5611;1266.004430451434;25;120;310;0.6;7089.411644335107;94065.0
9.031588;7470;827.0970730728639;0;46;267;0.4166666666666667;0.0;91689.0
10.4860705;2144;204.4617190014124;0;5;67;0.0;0.0;78291.0
4.273358;476;111.38781258204907;0;1;17;1.3333333333333333;0.0;78013.0
7.4749085;2930;391.97804227302584;0;4;91;0.6363636363636364;0.0;78431.0
4.234593;193;45.576989335220645;0;0;5;0.0;0.0;91473.0
4.769913;835;175.05560373952315;0;0;25;0.625;0.0;78317.0
1.080191;34115;31582.377561005418;28;254;2577;0.21428571428571427;0.0;75103.0
4.20029;47;11.189703568086966;0;2;2;0.0;0.0;77356.0
0.1002335;92;917.8568043618151;0;1;7;0.0;0.0;95633.0
2.8890895;586;202.83206871922798;0;0;11;0.6666666666666666;0.0;78230.0
9.0986095;242;26.597470745392467;3;1;8;1.0;0.0;77112.0
3.8962645;29964;7690.442987122666;8;56;1096;0.5;99.2796838631933;93077.0
14.0208475;2650;189.00426668216738;0;4;101;0.6666666666666666;0.0;95026.0
15.557227;1741;111.90940390597888;0;3;53;0.4666666666666667;0.0;91175.0
2.990192;90372;30222.808435043637;90;685;6937;0.1804733727810651;0.0;75110.0
6.36444;243;38.180892584422196;0;0;6;0.0;0.0;77090.0
10.625164;4411;415.14653326762766;0;8;171;0.5714285714285714;0.0;78255.0
10.1724905;1732;170.26312288028186;0;2;59;0.0;0.0;77269.0
3.8535185;36808;9551.790136728292;85;1248;8392;0.3269230769230769;0.0;75108.0
5.9033165;11563;1958.7294701207363;0;34;494;0.6153846153846154;0.0;77307.0
9.2863085;269;28.96737707992363;0;1;8;0.0;0.0;77220.0
7.1924275;649;90.2337910253527;0;0;15;0.5714285714285714;0.0;77184.0
6.562123;470;71.62316219918463;0;1;23;0.0;0.0;77091.0
14.4620645;22383;1547.7043405524846;0;52;600;0.5;2343.3374509098176;77122.0
4.073976;140;34.36446360999672;0;1;3;0.0;0.0;77036.0
3.327957;272;81.7318252609634;0;0;8;0.0;0.0;91619.0
8.070359;1001;124.03413528444027;0;2;28;0.5;0.0;77188.0
3.846345;10732;2790.181327987999;0;29;397;0.22916666666666666;0.0;93030.0
11.816434;1454;123.04896722649151;0;3;43;0.9090909090909091;30.555555555555554;78048.0
9.9868725;2251;225.39588845256608;0;8;72;0.5833333333333334;0.0;77374.0
11.2210565;521;46.4305656067234;0;0;7;0.0;0.0;77524.0
10.426791;26441;2535.8712953966374;0;60;944;0.5053763440860215;2478.296471801549;95607.0
10.9795265;14838;1351.424398857273;0;60;726;0.494949494949495;0.0;77131.0
15.9452375;389;24.39599911885916;0;0;12;0.4;0.0;91069.0
11.5136575;618;53.675385080718264;0;0;21;1.0;0.0;77340.0
9.8314355;13081;1330.5279783404978;0;61;593;0.46153846153846156;2813.0786502408378;77333.0
10.7388345;1004;93.49245488418693;0;1;21;0.0;0.0;78464.0
3.158404;143;45.27603181860206;0;0;5;0.0;0.0;78231.0
3.394112;194;57.1578074029378;0;0;9;0.0;0.0;78194.0
9.992517;7862;786.7887540246367;6;23;246;0.6571428571428571;0.0;78575.0
6.8002805;1540;226.46124670886735;0;1;58;1.0;0.0;91244.0
27.1514725;917;33.7734905537812;0;0;39;0.0;0.0;77010.0
9.449162;985;104.24204813082896;5;2;81;0.0;2553.0442514110414;91041.0
13.993546;425;30.371143954505882;0;0;12;1.0;0.0;77473.0
3.4182595;10374;3034.8778376831833;0;29;282;0.5263157894736842;0.0;78138.0
16.334958;642;39.30221308190691;0;0;16;1.0;518.9162749657714;78564.0
17.798;31419;1765.3107090684348;1;108;958;0.6033057851239669;5970.492670090006;78490.0
17.099381;1982;115.91062857772454;0;1;48;0.6511627906976745;0.0;78030.0
2.6453825;20682;7818.15106133045;0;45;706;0.4642857142857143;681.2827155077555;95555.0
6.201662;1815;292.6634827889685;0;0;60;0.4;0.0;78152.0
10.386233;1962;188.9039077016662;0;2;61;0.4444444444444444;0.0;91318.0
7.1804695;2790;388.5539796527233;0;7;73;0.8571428571428571;0.0;91649.0
5.283979;378;71.5369989169147;0;1;20;0.5;0.0;78536.0
1.754438;20667;11779.84060992751;2;45;704;0.2962962962962963;0.0;92014.0
4.9373365;398;80.61026425887724;0;0;10;0.0;0.0;78653.0
16.07364;238;14.80685146612715;0;0;10;0.0;0.0;77314.0
5.504967;1816;329.88390302793823;0;7;109;0.5833333333333334;0.0;95078.0
2.2246055;3373;1516.2238877859468;0;7;136;0.8461538461538461;0.0;78442.0
13.0506065;1414;108.34745496310842;0;4;60;1.0;44.48520805908593;77216.0
9.908146;2189;220.92932421464116;0;3;68;0.47058823529411764;0.0;95056.0
5.882943;10458;1777.6816807506038;5;15;416;0.7017543859649122;0.0;94075.0
3.797617;3337;878.7089377364806;0;4;109;0.5;502.9202253690412;95256.0
4.161216;29108;6995.070671649826;0;52;917;0.4888888888888889;681.5710114549232;95219.0
5.5021345;18795;3415.9470292847254;16;37;545;0.41818181818181815;0.0;78545.0
19.1373875;1850;96.66941216506171;0;4;72;0.5714285714285714;0.0;77508.0
26.5368945;3439;129.59315944071753;0;2;117;0.5833333333333334;8097.694637456794;78003.0
11.541223;3408;295.2893293890951;0;8;124;1.0;0.0;91111.0
10.8631555;5033;463.30921066167195;0;12;155;0.6;0.0;77475.0
7.782818;224;28.781348863612127;0;0;7;0.0;0.0;77467.0
7.155643;31164;4355.164169034145;0;112;1110;0.5151515151515151;5283.701529410161;78158.0
10.4322515;3640;348.917968474974;1;10;288;0.5294117647058824;282.6545722200329;78310.0
7.779344;56783;7299.201577922251;4;126;1833;0.3136094674556213;253.98411710811956;93007.0
1.4937305;5532;3703.4793090185944;5;16;259;0.38461538461538464;0.0;78502.0
8.3733255;1645;196.45719015700513;0;1;28;1.1428571428571428;1489.6638361043383;77047.0
8.059402;613;76.06023374935262;0;1;26;0.75;0.0;77427.0
7.7081355;1108;143.74422971677131;0;2;28;0.0;0.0;77141.0
9.65893;862;89.2438396385521;0;0;19;1.5;0.0;77049.0
12.668896;32792;2588.386549230493;11;86;1045;0.4520547945205479;0.0;78440.0
7.0617235;107;15.152108405263956;0;0;4;0.0;0.0;91526.0
3.004477;816;271.5946901906721;0;2;17;0.4;0.0;95452.0
12.238643;1125;91.92195572662754;0;2;38;1.0;0.0;77001.0
10.3866685;308;29.653396563103943;0;1;8;0.0;0.0;77235.0
10.2344935;1014;99.0767154231912;24;21;124;0.5;1465.9798328236034;77291.0
16.7173155;306;18.304374287845437;0;1;11;0.0;2073.6962620613726;78009.0
7.4356055;10489;1410.6450375830186;4;64;445;0.68;1831.5991087218747;91661.0
6.575242;189;28.744189187257287;0;0;8;0.0;0.0;95379.0
11.642882;10337;887.8385952893793;5;35;379;0.42857142857142855;1276.7436904966862;95351.0
7.2513595;4642;640.1558218152057;0;16;150;0.5882352941176471;0.0;91458.0
4.3669385;68451;15674.825738901522;20;294;2138;0.35944700460829493;0.0;92040.0
14.071839;920;65.37880372281121;8;2;25;0.5;0.0;78557.0
5.3080165;64;12.057234562100552;0;0;1;0.0;0.0;91145.0
5.595652;263;47.00077846156265;0;0;9;1.0;0.0;77119.0
10.0044485;859;85.86180437632319;0;1;31;0.4;399.83105356489125;95678.0
5.8118895;381;65.55527251507448;0;0;8;0.0;0.0;77466.0
6.082347;359;59.023268485010796;0;1;8;0.0;0.0;77434.0
4.498519;1245;276.75775071751394;0;1;28;0.4444444444444444;0.0;91106.0
1.9112205;4686;2451.8364050615824;0;7;112;0.625;0.0;95257.0
6.6595715;1110;166.67739057985938;0;1;26;0.0;0.0;77265.0
14.7881675;11844;800.9105928777179;2;60;588;0.3614457831325301;0.0;77379.0
3.55388;4358;1226.2653775591748;0;8;112;0.4166666666666667;0.0;78382.0
4.8460525;13729;2833.027500217961;0;46;574;0.5909090909090909;0.0;91432.0
8.6184945;51967;6029.707392631044;4;122;1757;0.5454545454545454;0.0;78586.0
9.2556695;687;74.22477650050058;0;3;54;0.0;0.0;77237.0
4.510152;174;38.57963101908761;0;0;9;0.0;0.0;78302.0
3.880921;377;97.14188977307191;1;1;11;0.0;399.87774508821315;78366.0
11.5164445;351;30.47815669150318;0;1;11;1.0;0.0;77003.0
2.632202;2272;863.1556392708462;0;3;60;0.6363636363636364;0.0;95120.0
12.605487;29342;2327.716493619009;3;58;1075;0.5882352941176471;4039.808760038633;95306.0
13.8894295;11892;856.1906736342195;0;23;409;0.7333333333333333;0.0;78624.0
7.733177;5526;714.5834111905107;3;16;158;0.6470588235294118;0.0;91330.0
1.680475;211;125.55973757419778;0;0;4;0.0;0.0;95303.0
25.868549;4270;165.0653076830865;0;6;206;0.6153846153846154;0.0;91016.0
1.8045265;50260;27852.181721908768;5;147;1353;0.38311688311688313;0.0;92049.0
13.2719115;889;66.98356902093568;0;0;22;0.8;0.0;77173.0
4.158342;77;18.516995475600613;0;3;6;0.0;0.0;91075.0
8.8055225;24161;2743.8462623881774;4;67;803;0.4807692307692308;1515.0369422580936;95176.0
4.532246;6447;1422.4735374028683;0;23;284;0.6666666666666666;4380.878106794122;77438.0
3.172132;44645;14074.130584729766;22;388;2067;0.4574468085106383;244.72169777557727;92062.0
7.660482;2383;311.07703144527983;0;9;108;1.0;762.2411633423739;95580.0
3.79872;6030;1587.3768006065202;3;18;181;0.47058823529411764;0.0;78354.0
7.4732715;1150;153.8817370678959;0;2;28;0.5;0.0;77039.0
6.446151;1843;285.9070474768587;0;3;54;0.75;0.0;95353.0
5.9023635;45331;7680.143725475396;24;102;1717;0.33587786259541985;615.7181000436929;94022.0
4.2518225;526;123.71165541364908;0;2;22;0.0;0.0;91435.0
9.392707;25400;2704.2257359885707;9;80;762;0.5681818181818182;0.0;78208.0
12.482343;906;72.58252717458573;0;2;25;0.7368421052631579;0.0;78522.0
6.025483;834;138.4121405703078;0;1;24;0.0;0.0;77388.0
7.049888;182099;25830.055739892603;110;853;6884;0.28703703703703703;0.0;75113.0
5.8134515;195233;33582.97562128109;97;713;8141;0.20253164556962025;0.0;75118.0
3.3021395;146643;44408.48122860951;64;693;7598;0.21084337349397592;0.0;75111.0
14.849035;5653;380.6981396434179;4;27;304;0.625;936.4454720482472;95355.0
19.0125695;956;50.28252493698971;0;1;28;0.75;0.0;78307.0
10.2662395;3469;337.9036695958632;1;18;183;0.625;0.0;77482.0
1.5025095;454;302.16115106094173;0;0;20;0.0;0.0;77062.0
13.5870765;6503;478.6165736242083;0;25;251;0.5625;533.400161930479;78217.0
8.7031315;21384;2457.046638902331;0;63;823;0.36792452830188677;0.0;94077.0
3.4826445;11088;3183.7874925218466;3;38;325;0.5625;0.0;78688.0
9.852437;261;26.49090778251107;0;0;6;0.0;0.0;77417.0
1.502724;27729;18452.49027765578;0;60;769;0.3684210526315789;0.0;92075.0
46.4375525;1641;35.33777969887625;0;1;54;1.0;7820.4443711790445;78601.0
30.5935555;4346;142.05606144732016;1;10;133;0.6923076923076923;1321.0217032199541;91433.0
13.6852195;1806;131.96719278050307;0;4;62;0.5;0.0;91533.0
22.4470945;36180;1611.7898911148613;40;146;1449;0.4731182795698925;201.77714614638484;93073.0
5.791414;9576;1653.482206590653;0;27;432;0.6363636363636364;0.0;95052.0
5.862125;1287;219.54496023199778;0;3;48;0.0;0.0;91634.0
3.3422555;840;251.32728482307832;0;1;23;0.6666666666666666;0.0;77214.0
27.478768;902;32.82534355252026;0;2;27;0.3333333333333333;8235.50599184086;77486.0
7.146525;10418;1457.771434368452;0;29;324;0.5;0.0;77067.0
46.554882;25092;538.976771544604;4;80;947;0.5;3170.2308701296206;91223.0
7.366714;1014;137.64617440014638;0;2;45;0.6666666666666666;0.0;77232.0
12.7941895;659;51.50775670471349;6;1;16;1.0;2319.5802475240307;77145.0
12.795446;1198;93.62706075270843;0;0;30;0.2;0.0;91284.0
10.958203;2604;237.63020268925482;0;1;74;0.75;0.0;77226.0
4.4376245;1083;244.0494908931569;0;1;33;0.75;0.0;77358.0
12.985066;68183;5250.878201158162;0;216;2362;0.45098039215686275;2343.766234965412;93051.0
16.6347225;2418;145.35860156368705;0;8;105;0.6;0.0;77088.0
2.2192;2243;1010.7245854361933;0;11;131;0.5;0.0;77051.0
6.986244;556;79.58496725851545;0;1;22;0.3333333333333333;0.0;95170.0
19.69226;1244;63.1720279947553;0;0;30;1.0;0.0;78108.0
4.294572;1706;397.24563937919777;0;2;65;0.7272727272727273;0.0;78368.0
6.0437525;7457;1233.836097689308;17;32;357;0.5;3770.621586302791;91479.0
17.200377;827;48.08034149484049;0;2;41;0.6;0.0;78164.0
7.708317;7188;932.4992731876491;0;12;239;0.59375;0.0;95205.0
20.367755;559;27.44534191421686;0;2;18;0.75;0.0;77035.0
9.6787345;15242;1574.792654969511;0;44;481;0.4457831325301205;4255.996370629237;91645.0
4.0780035;6492;1591.955475271171;0;11;213;0.6;0.0;77139.0
5.996775;46207;7705.308269861717;0;124;1796;0.4095238095238095;3270.396217599002;93064.0
5.6997795;677;118.77652460064463;0;2;25;0.0;0.0;77345.0
8.7389605;8393;960.4117102943766;0;28;412;0.3333333333333333;354.59453814122935;95488.0
4.9169705;762;154.9734740120975;0;1;30;0.0;0.0;78364.0
3.8101755;110;28.870061234712153;0;0;5;0.0;0.0;78439.0
25.236914;1349;53.45344521917379;0;6;46;0.8333333333333334;0.0;77116.0
11.5432895;1820;157.6673616303221;0;5;118;0.5;0.0;78107.0
8.5327215;133;15.587055079671828;0;0;3;0.0;0.0;77271.0
5.8301835;2180;373.91618977344365;0;16;131;0.625;1124.6456789796332;78513.0
6.7747185;408;60.22390450614295;1;0;15;0.0;0.0;91556.0
5.0767455;44136;8693.75862942115;8;111;1711;0.23423423423423423;593.4471247612919;93053.0
17.4687585;3336;190.96949562843864;0;5;105;0.7692307692307693;0.0;91129.0
7.7458435;278;35.89021647545551;0;2;13;0.4;0.0;95024.0
5.0347535;299;59.38721726892886;0;0;13;1.0;0.0;95151.0
10.685445;431;40.33524106857506;0;0;9;1.0;0.0;91131.0
3.601517;280;77.74501689149322;0;0;3;0.0;0.0;77364.0
6.5153125;16192;2485.222312820759;4;32;438;0.6388888888888888;0.0;78372.0
8.1221605;5821;716.6812327828292;4;50;205;0.631578947368421;0.0;78117.0
18.0156765;1110;61.6130068720983;0;1;37;0.7333333333333333;0.0;77504.0
6.3014295;155;24.59759329212522;0;0;8;0.0;0.0;95295.0
10.0689915;211;20.9554253770102;0;0;5;0.0;0.0;91399.0
14.2951075;6625;463.4452731467742;0;24;243;0.8235294117647058;0.0;91338.0
1.879251;176;93.65433356161577;0;0;5;0.0;0.0;95331.0
3.665712;212;57.833239490718306;0;0;8;0.0;0.0;91240.0
15.6555555;28833;1841.71043946668;0;72;935;0.5540540540540541;0.0;91201.0
3.8294055;572;149.3704440545667;0;1;25;0.6666666666666666;0.0;91186.0
6.9428745;304;43.78589876570576;0;0;6;0.0;0.0;77023.0
8.3836335;2471;294.7409378045927;0;10;69;1.0;0.0;95641.0
20.9766145;426;20.308329544789032;0;0;13;0.6666666666666666;0.0;77507.0
5.176579;10154;1961.52710119946;0;24;315;0.5263157894736842;0.0;77464.0
4.553675;11270;2474.924099765574;19;22;316;0.6551724137931034;0.0;91216.0
8.287696;285;34.388326984966625;0;0;9;0.0;0.0;78417.0
6.01506;13327;2215.6054968695244;0;25;341;0.5217391304347826;0.0;77479.0
16.6347115;5491;330.0928903996922;6;13;172;0.6842105263157895;0.0;77320.0
12.352971;6001;485.79406524956624;0;13;257;0.65;1062.7434981253907;78537.0
4.2275565;7493;1772.4186536596258;0;12;209;0.8095238095238095;741.8423679916222;91553.0
4.856348;12695;2614.104261062016;11;27;367;0.35714285714285715;0.0;95487.0
8.543851;7467;873.9618703556511;0;23;266;0.6363636363636364;0.0;78267.0
16.330267;7610;466.0058528130618;2;23;271;0.5909090909090909;2246.720513799192;77495.0
7.3962905;924;124.927488989244;0;1;17;0.5;0.0;77510.0
9.3131065;572;61.418818736798514;0;0;21;0.0;0.0;77073.0
12.8969825;300;23.26125510366475;0;0;9;1.0;0.0;77012.0
10.755792;1677;155.9159939128611;0;11;129;0.7777777777777778;1394.0189188556228;78389.0
5.9300825;836;140.97611626819693;0;1;20;0.0;0.0;77428.0
2.917785;6220;2131.7540531601885;0;9;210;0.5;0.0;77171.0
1.9546595;483;247.10186096350796;0;1;20;0.8;0.0;77281.0
16.050721;642;39.99820319598104;0;1;23;0.0;0.0;77227.0
5.2504395;808;153.89187895603789;1;13;47;0.0;2099.646186474878;77123.0
27.6105155;798;28.902031908821115;0;5;27;0.6666666666666666;0.0;77370.0
14.5045465;78152;5388.103654257649;5;271;2561;0.4869109947643979;4043.537164899351;92063.0
7.951208;1161;146.01554883232836;0;1;36;0.0;0.0;95002.0
17.853385;852;47.72204262665036;0;1;36;0.46153846153846156;881.0977184990394;95040.0
2.6459755;555;209.75250904628558;0;1;18;0.0;0.0;78324.0
7.9771095;120;15.043042846534826;0;0;4;0.4;0.0;91067.0
2.9345145;3953;1347.071210586964;0;8;159;0.0;0.0;77085.0
22.486376;2673;118.87197830366263;7;3;85;0.4;0.0;77494.0
5.8709665;1001;170.50003606731534;0;2;43;0.0;0.0;95675.0
5.966742;355;59.49645551961188;0;1;11;0.0;0.0;77267.0
11.1107785;1322;118.98356177292168;0;1;40;0.4;0.0;95625.0
6.139682;452;73.61944804307454;0;1;11;1.0;0.0;77298.0
26.501669;317;11.961510801451787;0;0;7;0.0;0.0;77530.0
4.643867;1319;284.0305288674288;0;3;40;0.6666666666666666;0.0;91080.0
12.238279;681;55.64507885463307;0;0;23;0.75;0.0;77520.0
5.3524045;42728;7982.9542031062865;0;85;1431;0.2111111111111111;0.0;95268.0
6.1344305;7318;1192.9387740231143;0;12;229;0.4;372.4999953523836;95060.0
3.9606535;29348;7409.88829242447;16;56;1091;0.20253164556962025;0.0;93014.0
11.251033;516;45.86245547408847;0;4;27;0.0;0.0;77306.0
6.5934235;2156;326.99249487007773;0;5;91;0.9230769230769231;87.85286682417856;78090.0
1.8200665;28239;15515.367158287898;0;74;730;0.34523809523809523;0.0;92009.0
20.67252;25999;1257.659927285111;17;111;1114;0.3563218390804598;5630.9515885626415;95277.0
7.4543375;183;24.54946532807241;0;0;6;0.0;0.0;77481.0
9.1128095;401;44.00399240212363;0;1;9;0.0;0.0;77278.0
5.5972445;678;121.1310315281028;0;0;28;0.5;0.0;78597.0
3.400705;12446;3659.829358912343;0;22;295;0.4666666666666667;0.0;91215.0
1.1067535;327;295.45874487860215;0;0;5;0.0;0.0;77052.0
8.261661;5634;681.9451923771745;0;20;283;0.8333333333333334;2364.271268540452;78133.0
11.6539705;1995;171.18629225979248;0;5;61;0.0;293.7728658517483;77359.0
7.8011;931;119.34214405660741;0;0;29;0.0;412.36423024938665;77196.0
6.2496935;300;48.0023540354419;0;0;8;0.0;0.0;77140.0
14.517524;26528;1827.3088441252103;11;78;887;0.6290322580645161;1312.3892577162803;91103.0
9.570924;265;27.68802677776984;0;0;4;1.0;0.0;77523.0
8.1102685;3481;429.2089713182739;0;12;177;0.45454545454545453;0.0;95370.0
10.0271025;938;93.54646569136;0;1;21;1.0;0.0;78020.0
2.7245975;17869;6558.399910445489;6;47;508;0.5084745762711864;0.0;92033.0
6.304907;247;39.17583558330043;0;1;10;0.0;0.0;78305.0
10.346641;1568;151.54676769011314;0;4;51;0.6666666666666666;0.0;78576.0
12.7378415;858;67.35835109896759;0;1;20;0.5;0.0;77347.0
5.679867;9040;1591.5865635586185;0;73;646;0.5714285714285714;1010.6425353887565;77449.0
0.6624255;136;205.3061061206128;0;1;3;0.0;0.0;95493.0
7.5641875;43054;5691.820833367761;28;121;1653;0.26495726495726496;2562.1143013296937;93027.0
6.5559075;109;16.62622604116974;0;0;6;0.75;0.0;77218.0
8.67418;1888;217.65746156985443;0;3;56;0.0;0.0;77447.0
8.981716;2762;307.51361989178906;0;6;73;0.631578947368421;0.0;77409.0
8.395038;233392;27801.18446158314;150;1251;9981;0.3076923076923077;0.0;75115.0
1.938844;16266;8389.535207577299;56;447;3619;0.11904761904761904;0.0;75101.0
19.004426;7662;403.1692406810919;7;14;217;0.5;0.0;78062.0
25.8635635;690;26.678458287466842;0;0;19;1.0;0.0;77492.0
49.017471;1623;33.11064334592048;0;2;57;0.5;0.0;77109.0
14.0883775;3243;230.18974328307146;0;15;167;0.6666666666666666;0.0;77437.0
16.3425525;774;47.36102270437865;0;4;28;0.6666666666666666;0.0;77030.0
14.44209;6541;452.9122862411188;0;17;251;0.5;5778.230528778031;91226.0
10.8678275;4722;434.49346246984504;0;14;130;0.6296296296296297;0.0;91461.0
5.2762865;9021;1709.7252016167051;0;17;448;0.5384615384615384;0.0;91514.0
4.55892;1195;262.1234853868899;1;1;42;0.7777777777777778;0.0;95628.0
14.115383;1356;96.06540608922904;6;1;30;0.75;0.0;77078.0
7.8247585;1463;186.97062663339707;0;2;36;0.0;0.0;91332.0
29.756234;671;22.54989660317902;0;2;20;0.0;0.0;77147.0
2.5611585;8408;3282.8893643247775;0;16;221;0.47368421052631576;1737.4680968606197;95491.0
4.19866;1024;243.8873354832256;1;2;27;0.6666666666666666;0.0;78609.0
7.1519925;15019;2099.974237948376;0;47;485;0.5517241379310345;1034.2520458398294;78418.0
31.293862;10806;345.30733215350665;0;39;465;0.6153846153846154;0.0;91200.0
15.1496005;12486;824.1801491729105;5;48;560;0.6153846153846154;1413.636353788109;77118.0
12.151027;319;26.252924958524083;0;1;12;0.5;0.0;95462.0
3.744244;11453;3058.8284310531044;0;17;298;0.625;0.0;92077.0
24.2438165;909;37.494096690593246;0;2;19;1.1666666666666667;0.0;77071.0
14.1080715;5678;402.4646458589326;6;9;183;0.6129032258064516;0.0;78160.0
6.8780835;545;79.23718867326923;0;2;20;0.0;0.0;78285.0
3.3097525;333;100.61175269147768;0;2;8;0.3333333333333333;0.0;95139.0
3.2579025;362;111.11443635897636;0;1;11;0.0;0.0;78245.0
8.380437;822;98.08557716023638;0;2;23;0.0;0.0;91195.0
2.1648195;6996;3231.678206889766;5;7;172;0.5471698113207547;0.0;91667.0
13.5043355;2925;216.59710690688928;0;4;82;0.6666666666666666;0.0;77371.0
5.7662615;7099;1231.1269615503911;0;14;214;0.6666666666666666;477.98395736780543;78350.0
8.999143;2701;300.1396910794728;0;4;94;1.0;0.0;77312.0
8.5817055;15514;1807.7991606680048;0;38;686;0.5416666666666666;2564.918941156496;95199.0
6.3391045;29017;4577.460428361766;2;79;1122;0.5684210526315789;3241.9400774593096;94073.0
8.704258;1982;227.70464754146766;0;4;64;1.0;0.0;77302.0
2.89471;23771;8211.876146487904;15;72;827;0.2608695652173913;2129.853023529138;92078.0
3.290314;1810;550.0994737888238;0;1;32;0.0;542.3641924744652;92047.0
10.9845125;23775;2164.4110287097405;4;43;791;0.6136363636363636;1715.3077811248552;91421.0
5.2783585;1869;354.08735499871784;0;3;55;0.0;0.0;78550.0
15.12175;1612;106.60141848661695;0;1;57;1.0;0.0;78189.0
10.5273875;1102;104.67934233445858;0;1;27;0.75;0.0;77439.0
7.226387;564;78.04730081574651;0;0;10;2.3333333333333335;0.0;77273.0
2.4454215;707;289.1117134612581;0;4;27;0.5;0.0;91292.0
13.606597;568;41.74445675138317;0;1;13;1.0;0.0;77050.0
2.1451495;13646;6361.3281964730195;24;44;430;0.2564102564102564;0.0;93079.0
2.9890675;1375;460.00968529482856;3;3;41;0.0;0.0;78384.0
4.467008;164;36.71361233290829;0;2;10;0.5;0.0;77250.0
5.4969055;53353;9706.006406695547;11;124;1953;0.2846715328467153;751.4968000408786;93010.0
7.475664;641;85.74489169122636;0;2;20;0.5;0.0;77511.0
4.134087;406;98.2078993499653;0;0;9;0.0;0.0;78413.0
17.231649;110210;6395.789514979094;4;271;4356;0.3870967741935484;3800.829688853282;95018.0
5.2957;162;30.590856732820967;0;0;7;0.75;0.0;91248.0
4.071779;23507;5773.152226582041;4;84;698;0.5245901639344263;424.13626592439687;92072.0
4.0013985;735;183.68577885956623;0;2;26;0.0;0.0;78104.0
2.727417;306;112.194064933965;0;1;12;0.0;0.0;95094.0
14.274148;17713;1240.9146941729903;9;77;480;0.3283582089552239;1761.7775862513924;77296.0
6.457224;2053;317.93848254296273;0;11;94;0.8181818181818182;0.0;77441.0
1.611167;4548;2822.7986298130486;2;4;113;0.5161290322580645;0.0;91685.0
3.84423;13886;3612.1668058362793;5;28;336;0.5119047619047619;0.0;77014.0
8.1408005;33545;4120.602144715376;9;88;1365;0.2897196261682243;0.0;94078.0
172.419346;14886;86.33601939309061;0;84;1083;0.44776119402985076;0.0;77186.0
6.920972;154;22.251209801166656;0;0;3;0.0;0.0;77056.0
9.626853;977;101.48695529058145;0;0;31;0.7;0.0;78410.0
2.8840435;2978;1032.5780453727552;0;8;94;0.0;0.0;95426.0
6.991526;606;86.67635649213061;0;1;13;0.75;0.0;77446.0
15.4167865;12057;782.0695966698378;0;33;702;0.6818181818181818;899.7395417782061;95313.0
4.5590395;1212;265.845470301365;0;3;36;0.6666666666666666;820.9493996738538;78262.0
15.8081075;6263;396.18910739315254;0;33;377;0.0;371.4028909364446;78466.0
14.156088;1067;75.37393098997407;0;1;32;0.0;0.0;77478.0
8.9852485;406;45.18517211850067;0;0;11;0.0;0.0;77144.0
11.773319;35514;3016.481588581775;0;122;1060;0.5294117647058824;1126.405101684256;91477.0
4.0525975;5438;1341.8554396285344;0;16;213;0.7142857142857143;1036.7953923426749;91659.0
9.9501555;5658;568.6343293830936;4;14;214;0.7222222222222222;0.0;78321.0
22.128842;5483;247.77618277540236;0;18;166;0.45;1272.644413695947;77431.0
7.286172;239;32.801860839958216;0;0;9;0.75;0.0;77476.0
8.0982795;487;60.1362301708653;0;0;19;0.4;0.0;77178.0
13.0466485;418;32.038879563590605;0;0;8;1.0;2798.3344655651395;77194.0
3.5919485;16129;4490.320504316807;8;37;481;0.45;0.0;78686.0
7.38053;3775;511.4808828092291;1;14;114;1.0;0.0;77040.0
8.238669;1822;221.15222738041788;0;2;39;0.7142857142857143;0.0;77404.0
7.5407915;44437;5892.882729883196;27;81;1953;0.5654450261780105;165.00821039650722;93046.0
5.9343015;5633;949.2271331343713;14;66;246;0.4444444444444444;0.0;77111.0
7.378898;358;48.51672973389793;0;0;19;0.0;0.0;95258.0
3.1652885;14173;4477.632923507605;0;38;502;0.6666666666666666;0.0;95427.0
4.7981355;15889;3311.494642033348;3;32;599;0.7083333333333334;0.0;78650.0
3.843755;1170;304.3898479481653;0;3;50;0.0;0.0;78620.0
5.769135;6681;1158.0592237831147;0;6;166;0.5862068965517241;0.0;95183.0
9.5902535;2149;224.0816679142006;0;3;63;0.5;0.0;91243.0
3.120226;275;88.13464152917128;0;1;11;0.0;0.0;91378.0
7.436801;29973;4030.361979566214;21;118;980;0.5046728971962616;1359.3271945223942;92064.0
10.90545;206;18.889637749932373;0;0;5;0.0;0.0;77133.0
3.577686;4749;1327.394298996614;0;11;102;0.4444444444444444;0.0;77143.0
13.018326;763;58.609686068700384;0;3;20;0.0;0.0;91273.0
3.689329;430;116.55235952120292;0;0;13;0.3333333333333333;0.0;77130.0
4.7481855;4100;863.4877470562176;0;5;102;0.9230769230769231;0.0;78314.0
16.4944695;331;20.067332265520875;0;0;13;0.0;0.0;77167.0
2.507853;16667;6645.9238240837885;0;52;766;0.5;0.0;91326.0
2.387891;21501;9004.179839029503;0;103;813;0.4666666666666667;218.53029692854255;94003.0
4.9404315;483;97.76473978032081;0;0;19;0.0;0.0;95169.0
1.9011495;745;391.86818290723585;0;2;28;0.0;0.0;95074.0
11.062961;1037;93.7362067894843;0;2;34;0.7777777777777778;0.0;78193.0
4.1563085;19491;4689.49790420995;15;65;615;0.475;2697.5094413749825;94021.0
13.972182;739;52.8908083218498;0;3;26;0.5;0.0;77034.0
6.3547525;20452;3218.378685873289;9;56;646;0.425531914893617;1352.0097488511883;78362.0
3.7800315;48264;12768.147567024242;8;196;1481;0.518796992481203;0.0;92073.0
5.277696;369;69.91687281722935;0;0;14;0.0;0.0;95422.0
11.9481075;1206;100.93648722193034;0;2;45;0.8181818181818182;0.0;77469.0
8.7471085;7154;817.8702710730066;4;12;221;0.6;0.0;91600.0
5.32542;54753;10281.44259044357;22;126;1670;0.3617021276595745;631.1640490793905;94076.0
12.198217;357;29.266572319544736;0;1;12;1.0;0.0;77460.0
4.451125;4847;1088.9381897834817;0;9;127;0.7454545454545455;0.0;94048.0
11.707754;150;12.812021844668072;0;1;4;0.0;0.0;77134.0
11.250677;781;69.41804479854856;0;2;23;0.5;0.0;77403.0
5.6261505;4095;727.8511301821735;0;7;158;0.0;0.0;77222.0
4.030332;32151;7977.25844917987;3;63;911;0.5102040816326531;0.0;78311.0
4.6240645;506;109.42753934336339;0;0;19;0.0;0.0;78415.0
5.9396425;930;156.57508006584573;0;3;26;0.0;0.0;78623.0
1.161948;5785;4978.708169384517;0;9;143;0.5;0.0;94001.0
2.373409;10378;4372.6134012300445;0;35;549;0.5;3663.96834020568;91021.0
21.219032;648;30.53862211999115;0;1;19;0.6666666666666666;0.0;91100.0
8.305338;284;34.194875632996514;0;1;9;0.0;0.0;77004.0
9.695708;319;32.901155851640745;0;0;12;1.0;0.0;77380.0
4.606924;130;28.21839474668998;0;0;5;0.0;0.0;95438.0
10.72242;543;50.64155293301326;0;0;16;0.6;0.0;95270.0
7.4631465;152;20.36674477715264;0;0;4;0.0;0.0;91022.0
9.3176115;6789;728.6202048668803;1;25;224;0.7857142857142857;0.0;78397.0
2.333487;1417;607.2457228173973;0;0;50;0.7142857142857143;0.0;77125.0
5.382046;19758;3671.0945985968906;5;65;619;0.5333333333333333;1432.360057647038;91570.0
6.9407655;446;64.25804185431707;0;0;14;1.0;0.0;78300.0
5.873337;20966;3569.6913015548057;0;42;549;0.5967741935483871;1872.478109295934;78126.0
1.576075;6869;4358.295131894104;1;13;255;0.5294117647058824;0.0;93033.0
10.108144;537;53.12547981113051;0;1;11;1.0;0.0;77411.0
4.05215;726;179.16414742790863;2;2;21;1.0;0.0;77081.0
16.7934075;1180;70.26566823915873;0;4;40;1.125;0.0;77027.0
3.901827;7030;1801.7200660101025;0;30;362;0.5;1304.913695344723;93074.0
7.1790765;4034;561.9107137248085;0;6;99;0.4444444444444444;1397.7774070802357;77372.0
5.1250955;254;49.56005210049257;0;0;6;0.0;0.0;77228.0
15.348954;983;64.04345208149037;0;5;25;0.7692307692307693;0.0;77432.0
6.2229105;209;33.585570610408105;0;1;9;0.2857142857142857;0.0;77204.0
5.342911;2838;531.1711162697638;13;10;105;0.6666666666666666;0.0;78683.0
4.1347135;29383;7106.4174095738435;5;85;1176;0.5;0.0;95063.0
4.4180665;17354;3927.9626053614174;3;48;530;0.4574468085106383;172.5573606390799;95218.0
3.4579465;309;89.35939292293851;0;0;10;0.0;0.0;77498.0
5.938465;120071;20219.198058757607;24;572;4961;0.4688128772635815;438.8406892031623;92012.0
4.062364;427;105.11121110762109;0;1;15;0.0;0.0;78559.0
11.356473;4259;375.028408908294;6;10;144;0.68;30.5516826757081;78206.0
1.175079;1147;976.1045853087325;0;2;33;0.5714285714285714;0.0;77221.0
5.0083865;295;58.90120500883867;0;0;16;0.0;0.0;91507.0
5.741492;52939;9220.425631525743;1;182;1765;0.31666666666666665;1935.1430488518126;94033.0
0.5873195;2887;4915.552778342963;0;7;69;0.75;0.0;95369.0
5.102077;26662;5225.714939229651;2;69;1165;0.3684210526315789;4215.941116395052;95582.0
9.161372;1131;123.45312470664874;0;3;43;1.0;0.0;77512.0
7.204924;936;129.91115520441298;2;2;23;1.0;379.2555081834479;78443.0
10.877313;2288;210.34606616542158;1;5;93;0.5555555555555556;0.0;77385.0
12.1273635;4865;401.15891636298363;8;14;152;0.5454545454545454;5032.670901002236;91179.0
19.9036205;1019;51.19671569300671;0;0;33;0.0;0.0;77162.0
15.329672;946;61.71038754123376;0;0;18;0.6666666666666666;0.0;77089.0
9.223992;701;75.99746400473894;0;1;15;0.0;0.0;77321.0
4.24076;40918;9648.742206585612;7;89;1277;0.3508771929824561;0.0;92007.0
3.4340235;22306;6495.587464675184;0;42;836;0.46987951807228917;0.0;95197.0
19.2154565;443;23.05435730865931;0;3;11;1.0;0.0;77093.0
9.444525;4323;457.725507635376;0;3;91;0.5714285714285714;0.0;95116.0
2.412993;676;280.15000457937504;0;6;46;0.0;177.66255998369863;77059.0
9.843089;255;25.9065015057773;0;1;17;0.0;0.0;77224.0
6.4713225;1125;173.84390903095928;0;2;40;0.75;0.0;77440.0
8.0809175;5886;728.3826372438526;6;12;233;0.45454545454545453;444.9172600783622;91587.0
3.33379;20520;6155.156743526137;1;31;550;0.4444444444444444;0.0;92022.0
6.6914515;727;108.6460837383339;0;3;22;0.0;0.0;91412.0
4.3272995;368;85.0414906571639;0;0;11;0.0;0.0;78530.0
32.6830265;12214;373.71080062000993;0;24;440;0.6818181818181818;0.0;77316.0
7.55332;71318;9441.940762472661;5;135;3214;0.31718061674008813;376.4851412004245;93029.0
4.8181485;803;166.66152983869216;0;0;18;0.0;0.0;77376.0
4.588667;6327;1378.8318045305969;0;13;165;0.4883720930232558;0.0;95091.0
4.3175765;9804;2270.7183069020316;0;17;233;0.5714285714285714;0.0;91122.0
3.7640635;441;117.16061644549833;0;0;27;0.0;0.0;91560.0
7.5868685;612;80.66569230770246;0;0;23;1.0;0.0;95627.0
2.3875065;19133;8013.800171852935;0;52;726;0.3793103448275862;0.0;94042.0
9.86667;826;83.7161879337203;0;2;15;0.0;0.0;78444.0
2.945888;31069;10546.565246200806;0;90;850;0.4482758620689655;581.2269165570684;94016.0
7.971228;300;37.635355556258084;0;0;11;0.6666666666666666;244.65795142210936;77157.0
27.267556;5390;197.67081435534598;11;13;195;0.5217391304347826;1077.117443135234;77458.0
7.975598;2864;359.0953305319551;8;11;113;0.75;0.0;77132.0
7.159521;23669;3305.947423018942;0;60;762;0.3684210526315789;0.0;78358.0
4.5025835;551;122.37418806336406;0;1;12;0.6;0.0;77242.0
2.565155;366;142.6814364044278;0;1;16;0.0;2232.769535273425;77412.0
7.3289715;486;66.31216944969701;0;0;9;0.5714285714285714;0.0;77391.0
2.763017;500;180.9616082709589;0;1;42;0.6666666666666666;0.0;77448.0
19.3603265;730;37.70597567143302;0;2;24;1.0;0.0;77060.0
6.202187;306;49.33743532724827;0;0;12;2.0;0.0;78565.0
6.982657;230;32.93875096542763;0;1;9;0.0;0.0;77253.0
11.0183;1904;172.80342702594774;0;4;46;1.0;0.0;77352.0
10.312994;752;72.91771914150246;0;2;17;0.8;0.0;77076.0
10.501542;2554;243.20237923154522;7;3;84;0.0;0.0;77096.0
7.936985;294;37.04177341899978;0;0;6;0.5;0.0;77151.0
6.3751615;1926;302.10999360565216;1;0;47;0.5;0.0;77521.0
5.5430255;267;48.16864003241551;0;0;9;0.0;0.0;91184.0
5.4350935;383;70.46796895030417;0;1;7;0.5;0.0;77443.0
10.839114;1957;180.54981246622185;0;3;77;0.75;0.0;77455.0
3.529166;2289;648.5951638432423;10;3;152;0.8;0.0;78299.0
6.283604;22568;3591.569424171224;3;63;803;0.3953488372093023;131.96342645979243;77468.0
13.239369;2037;153.85929646647057;0;3;82;1.0;0.0;77069.0
8.5073625;929;109.19953158220306;0;2;27;0.5;0.0;91639.0
4.0643915;536;131.8770595795213;0;0;11;0.5;0.0;77429.0
1.5902295;1347;847.0475487972019;0;12;111;0.4444444444444444;3395.9371444084154;95409.0
4.5476095;35;7.696351236842125;0;0;3;0.0;0.0;78606.0
10.5771835;496;46.893390854001915;0;0;16;3.0;0.0;78096.0
29.5886385;2952;99.76802413534506;0;12;110;0.4444444444444444;0.0;77099.0
14.8089135;591;39.90839706099978;0;1;20;0.25;0.0;95150.0
1.906691;6715;3521.808200699537;2;14;135;0.5454545454545454;0.0;78644.0
1.6221975;999;615.8313029085546;0;1;32;1.0;0.0;95594.0
12.2558425;602;49.1194301819724;0;2;18;2.0;0.0;77187.0
15.0406575;889;59.10645861060263;0;1;23;0.8333333333333334;0.0;78068.0
9.106613;930;102.12358864925962;0;1;20;0.0;0.0;91293.0
5.479674;2308;421.1929395799823;0;5;62;0.2857142857142857;0.0;77442.0
14.363052;155;10.791578280159397;0;0;9;0.6666666666666666;0.0;77207.0
19.0393955;62;3.256405908475403;0;2;5;0.0;0.0;78264.0
6.231007;692;111.05749038638538;0;8;32;0.5;0.0;77369.0
12.370412;21379;1728.2366989878753;0;64;593;0.5;0.0;91272.0
8.006196;529;66.07382582190094;0;1;13;1.0;0.0;78618.0
4.341589;20130;4636.551271896074;0;34;671;0.5208333333333334;0.0;94059.0
29.03187;696;23.973653781172207;0;1;30;0.6;0.0;77244.0
8.8933555;2410;270.9888298067023;0;17;192;0.5384615384615384;2366.1941629153966;78238.0
2.12546;278;130.7952160943984;0;1;8;1.0;0.0;95301.0
3.7254485;6292;1688.9241657749394;0;8;145;1.0;0.0;78396.0
6.5854415;857;130.13554216524435;0;2;23;0.6363636363636364;0.0;78398.0
2.3073385;24564;10646.032214172303;4;45;556;0.41509433962264153;0.0;92032.0
2.678187;402;150.10154257339013;0;0;7;0.0;0.0;77408.0
18.1807355;514;28.271683508073696;0;0;18;0.6666666666666666;0.0;77011.0
6.090229;325;53.3641674229327;0;0;8;0.5;0.0;78283.0
3.959479;14000;3535.818727665938;3;72;485;0.45;2157.623753643721;77258.0
22.423061;5574;248.5833669185487;0;23;258;0.6666666666666666;10222.568031081277;77192.0
8.061151;972;120.5783144367349;0;3;51;0.0;1221.6491224997653;78381.0
5.4868665;1135;206.8575934916587;0;1;76;0.5;0.0;77022.0
13.5559105;1272;93.8336085945684;0;2;50;0.5;1741.5214971249459;77415.0
5.715221;282;49.34192396059575;0;0;14;1.0;0.0;95304.0
3.012514;8683;2882.3102564834553;3;23;361;0.3888888888888889;0.0;95051.0
4.487904;57;12.700806434362232;0;0;4;0.0;0.0;77452.0
4.7864465;57482;12009.326752111403;26;193;2647;0.24347826086956523;0.0;93055.0
36.042596;26736;741.7889654785132;10;95;1012;0.47058823529411764;279.87050434726956;78517.0
4.371084;258;59.02426034365846;0;0;8;0.6666666666666666;0.0;95316.0
8.5779255;190;22.149877613182817;0;0;4;0.0;0.0;77496.0
19.1957375;2866;149.3039795944282;0;7;86;0.5714285714285714;2398.6597567519198;77175.0
3.5460615;2761;778.610297649942;4;13;146;1.6666666666666667;2679.0529853908943;91136.0
5.1906535;149;28.705441424668397;0;0;4;0.0;0.0;77275.0
0.0;0;0.0;0;2;20;0.0;0.0;outside
0.0;0;0.0;0;0;0;0.25;0.0;77028
0.0;0;0.0;0;0;0;0.5;0.0;77399
0.0;0;0.0;0;0;0;0.7333333333333333;0.0;77491
0.0;0;0.0;0;0;0;0.5555555555555556;0.0;77166
0.0;0;0.0;0;0;0;0.5;0.0;77299
0.0;0;0.0;0;0;0;0.5714285714285714;0.0;78251
0.0;0;0.0;0;0;0;0.42857142857142855;0.0;78524
0.0;0;0.0;0;0;0;0.5081967213114754;0.0;91182
0.0;0;0.0;0;0;0;0.5;0.0;91222
0.0;0;0.0;0;0;0;1.0;0.0;95259
